ext_id,policy_link,collect_user_data,errors
aaaffndhoeeljdbnhjnphenljgplogkj,,no,
aacmokdpejkgamcpdmgnoncelhdeccil,,no,
aaikdbojgpflhcmnfcfjcdpnjaiddpcg,,no,
aaiknopfejeclkkgpjggmkgocgkhacel,,no,
aakmnieacpcmnfnljndefdocpcoajjoe,,no,
aaljndcedpekcigodagpkfmkafncfdfb,,no,
aamgdoapnajgkfanpccgmbohplabmiom,,no,
aamihahiiogceidpbnfgehacgiecephe,,no,
aapcokckpjhddcmmfejldlpcfkcpoapi,,no,
aaphjonmlflollapfpheedgocafkapdf,,no,
aapljbddafanojdeopnfmeaelpbacphj,,no,
ababcijbgfjkedomojjjldahhockgcdd,,no,
abcnjhoajebdkgilanheicimfboemapn,,no,
abdfciaagbgkdmiadillcchealeaihfk,,no,
abfkfchnoonmjfkhhmfhpgpjbngfgmdl,https://gist.github.com/Justin2997/4764113cb7b3379bc43a1cecf9e3d2be,yes,
abgebpgocjbnbkojoieeeeejggdalfal,,no,
abggflnhmnepjkimmfhjcmfocdmhkioa,,no,
abgmheddoaokgganklgbjbnkdfjijign,,no,
abiahdfdcefonkpjidckecaoalpidmje,,no,
abijkkhjfbcnbfibjddnoflinnkhdhpp,,no,
abinghccoffcjifedddhahgmafemaakf,,no,
acdcolklblakndmefcakmbpjalileeif,,no,
acgppnopbibdaenembdhjpkmdigmmgkk,,no,
ackoegabgdkgooogibcbbfjncfbjlheg,,no,
acnceododoldhibchlgflipfgcadhleg,,no,
acnnfeagheddkehglaipegkdekelpilf,,no,
acoehnjcjdiiigkpgnmjolochgbdnmgi,,no,
acooaaaocmdnhckkillicjpeffhpjffi,,no,
adbjfmggihkecgpeedaepmlpplnpghch,,no,
adcmbamleoipbdlmhgaanjiceibfmhoi,,no,
adifddmmpnfhaiclbolkampmdeookfko,,no,
aebhiogbphmbblaaepehgmiabnmgoaae,,no,
aecmklmcnonbjfahcgelmgimoagmfnab,,no,
aeejgilmckbmoldlebpfangjigimkhal,,no,
aegjljdoippcbpgijmloignlmcngklnf,,no,
aeheniaeklephbfhpanenbodokdichcf,,no,
aengkafkpndkalfhiigmmibmdniljfjd,,no,
aepeihpnlhiiipbchlidcipfpiaecpkd,,no,
afamaahfnfdglekgoegifcdaoohegcng,,no,
afcnpbdnajecmkmakbhdnhelndjjnoig,,no,
afdabofdachpkhlohhankgbolemmjjal,,no,
afdjpalpgemjpaipfihjpnnonneapljc,,no,
afjgicojccdefnkdimneohhehlcielof,,no,
afncdghnebhfkfijnbiieembabcdhoke,,no,
afphapibeococopmjcaimocclgncmnpb,,no,
agaepfnflgeecifbjghbkpfnfelpplld,,no,
agbenidaknnnodgaellgnknnghpmcobc,,no,
agchhomhkimcgheikdcijjpohgjlflll,,no,
agdlenkpoegjgialejlmncihphibebnp,,no,
agfikjjiojbikbgpmogjnbnccblijopb,,no,
aghkccgjpohkfbhmomgfecjomdcfmojp,,no,
agjldklbomhkmmgddkkedjfeimiilamk,,no,
agplicjllogkjijnddgfjincdaagkbno,,no,
ahbicehkkbofghlofjinmiflogakiifo,,no,
ahbljecagmcnbjaenigbhcadjfppplgb,,no,
ahclnpifijkajbfipfkknikdiipljgpl,,no,
ahejmhigiijnbbcjcbgljaiijcnelnee,,no,
ahhabackkbggcckijbinphjpeijgadpl,,no,
ahmdbdkikodpideiochchofehlaikfid,,no,
ahmgjejcooepogfnkemikojmlhpcldfg,,no,
ahmiimnmeomahnaomobdipgfbkkgochp,,no,
ahpefdgdogpdidlnjjbahncgbmjkgcaf,,no,
ahpkkbbonbehfpcbpgnpoanckakgogek,,no,
aibgipkckbfnpgfjnedcijagnfepgkpo,,no,
aiddjbijhgeejhdfebajlfbekecfnmki,,no,
aigmhlpfpklbnlhafhhpdlohbjalkjke,,no,
aihgjanhddpbmpleojjfobfdalimfpln,,no,
aihoedapcifmbfpkdedhdjlhflfeedon,,no,
aihpbccedbdfbdkcflhlochhngapnclh,,no,
aiiahhgaieifiomghbkbgpgicennblpn,,no,
aikcbfakeaaejmdifooejgfbmibheojm,,no,
aiklpcodhbicplpgipcoglbdmjkceopo,,no,
ainadpeplmnfbfnieflcndcdjfbnenma,,no,
aiocpbdmcbdiclfhdcclfaeppimljkjg,,no,
aipfbkoohmnbdpbmnpikfohkgmmpmghk,,no,
aipnbflcmgfcjdadiepdhbhlimbcpklk,,no,
ajbbpcdcbhijichmjmhpfckmcfepidch,,no,
ajfmoadfibcjpjpgllicmpbhegniecio,,no,
ajhigaadcnlbmdjabbnchgpfkmlihnoo,,no,
ajkfjaklncpodlhmgojhpcheopbcdcnh,,no,
ajknmkihmahcobmglepoofpbgifcckfn,,no,
ajmpngledfmahadlikimocpnlnegbmjc,,no,
akamlkeopdhhlmpinbmffjllihkebdbn,,no,
akeadojihdolfamephnbahcoikamnbbc,,no,
akgdgnhlglhelinkmnmiakgccdkghjbh,,no,
akjoilgnjiplcgfafbholjfcplmmpfdj,,no,
akloompimekeojpneifhfnjgbjemcdeb,,no,
akmcoplifijllnddnbfdeiilgikchmld,,no,
albohnhfekoihmjhijhmhiebbkjcofid,,no,
aldicaecdpefccbfmmkogakdchomenep,,no,
aldmgmgmjomckcjljebhedkkgbjodbih,,no,
algagcoipecoaaacpbblfpjmchnoffia,,no,
aljljpbjhedenkebeampefpecogcgekb,,no,
alkhadjeibkaaglgeemhkdilpffoohcf,,no,
ambhcfkpoelomkjihnhcbagibfafkcdj,,no,
amefmmaoenlhckgaoppgnmhlcolehkho,unknown,unknown,item_not_available
amhcplabblldkpggfncgnemdbpafbfog,,no,
amlnlhiealhkolhalojkklfbbmehcchf,,no,
amocbejhlhhpdoiojimopjffkmobimml,,no,
ampjpkbodhhnhmnbndoimchjgnaimbbo,,no,
anbodbalmohikmogemapjmdodlgkegmg,,no,
andfceicnenbpahainckmofkienlpjlg,,no,
anihnbdnfjmejeihegajgihfgljgbfnf,unknown,unknown,item_not_available
anmidgajdonkgmmilbccfefkfieajakd,,no,
annbnfdlhjpopabeflpdbpfmlhnimbmk,,no,
annpehkbdamkccbgaknagckefmpgkeej,,no,
anoihpbmopbfodhphikceecjpmejlnok,unknown,unknown,item_not_available
anoooabicgbgpihoodemaobbijoelbjj,,no,
anpbkdhjbebjjkgdbglbcfaenjldbinf,,no,
aoaghflbehgmllepccofeghnafnfmkab,,no,
aocaemooamhjfpgheiafnjagakigdjno,,no,
aocnenlalmjbbeelgjpflbdpigepffbd,,no,
aofpiepmcnohjbkihnpfcdkgbnckopmf,,no,
aoikmkiejoeedagdiofcnngbcolaojco,,no,
aokfmacccgjblcepjoomckbfjcnchnac,,no,
aokkokkfmnhchehgchbelcpboibbibie,,no,
aolgdpobccfeanmobnjechgfmfnmeaka,,no,
aooddleciioffdokpkkhfgfdegmpigog,,no,
aopalbcoagealahnbgbbjoojblffdpgi,,no,
aopgnageonleemipalfdnccmeaobihnd,,no,
apiokgnnehmjjnlpcngnhbdmeodgglff,,no,
apjlfbdjjoifekihdodlcalpphmhhiab,,no,
apjpnnjjgdlifmllcdangkmlcfddineg,,no,
aplhojagcmonbkopilfbchgnpmiagpem,,no,
appdgloaaaedkkcacnkbmopnjhbehbma,,no,
baalhlccemogpegkiigcgglbcodelejb,,no,
badbdhbcoehjcmlkfnakoincbpppbjec,unknown,unknown,item_not_available
bagcbccbbigjaicnmlcllplhjdfjeimn,,no,
bajagfbeiabfhomkikoohjpedhfepbec,,no,
bandjeofbcmkmlgafnjihmpfokobpcjj,,no,
bbekkgifohcafpifoplkhkfobhabemba,,no,
bbfapkmbedhjjahlcjmpaiipghemolad,,no,
bbhfiaigheddloefjfhfjkoijhjjefbc,,no,
bbjfjjhjfafnecnjiillfceigmninpab,,no,
bbkimjhgfpfbpeanphgnjndlihicnfog,,no,
bbkjcodoppapbaijmggaefcffadcaidd,,no,
bbmbhokomiicmbielmhleidongbnkind,,no,
bccdihloampeohkfnphcghnjejgkojao,,no,
bcibaoakjcmdkbmpokmheinhkackhiba,unknown,unknown,item_not_available
bcmlceniobibgnifakkngmnbchbahned,,no,
bdcdeadnnbklahdjcllgmmphdkcmefbp,,no,
bddlmhjdondkdinihlncinlgeddemidc,,no,
bdeapcnahigpibeoehandgaiijljkdnl,,no,
bdfadmpengdndiohpenkaickdhopphhj,unknown,unknown,item_not_available
bdgiclmclfmekkapjjobdbmocknmhlbg,,no,
bdjaifheemlapieonddppfidojocgojo,,no,
bdjbahljhlmfdnicblpejnfbekoifbbg,https://godigital24.de/datenschutz,no,
bdjehfghpgbgbdbjhbdanjkjongdcbme,,no,
bdljmpplpbibfkejhafjkngnhkenpnoi,,no,
bdmhmdkciebmajpfmdlbndplbaplloko,,no,
bdolecdofgoickmaicabdgdahnfppomi,,no,
beaefgdcnajkhhmbbdeglhdmmjginlih,,no,
beaijnhniefdloddmpbfihelllegcgcb,,no,
bekkkmmpbgeiihjklkcfaadbaeemgjni,,no,
belplcljdhjadinglfibclommlnojjek,,no,
bemekcedfcijmknfaiibmfnaeahefked,,no,
benbfjfmlapghmkamndfpjajjenigfdi,,no,
beokeoaalfeldpddmgnhpajdmfmleggk,,no,
beokpknfceidioecjagpmknpkhahmlno,,no,
bfafldbloncllehfiaflmmjhohiobfmo,,no,
bfagjlchlieigebflkehbifmamgohcep,,no,
bfdlbppbnchhfkhgjindfmfllflhpima,,no,
bfhpmakhjmhffnbheijlggnjdafmedea,,no,
bfkgebelbhcjnjeinoompagngilohiih,,no,
bflgbfmknejcpkmffhcmekooeebhfhcb,,no,
bfopmlnkkkohfgkdgeachfdniplcohic,,no,
bgbdinnmkangaocpbbmfmbcojlnhkecg,,no,
bgdllkogfkdjdpaholocflnnabbgjjdc,,no,
bgfhlnjbmhknkllplcehnopkjkkkpkeo,,no,
bgjlbhpeolboaiakhahkmpppghlbelfc,,no,
bgmlifncahklmllfijjoalejkinmjcle,,no,
bgnkbhioajldiohmoeoljekamcgmbjjf,,no,
bgoikkafabeccilodfhnmfficgkflllh,,no,
bgooiihijdahlnkgempeghheonlohhnk,,no,
bgpkbbkcoodbglmljniaplepionffnoe,,no,
bhbdnmalboaafcpabaalcjhiclpcocdn,,no,
bhfmpjhgipllgcjahaipdgemafjemojd,,no,
bhjbjeibjpkfamjphdchcgohenjnejme,,no,
bhjlkimpkkgkmfjlcfngmakenalgleap,,no,
bhlacjcfdffbdpcmaahbcjpgpiepgmjg,,no,
bhmmikdgjlhdnfkccfcjgeogbcponlgf,,no,
bhokjliekbaiipboiofjanbjpjobjaop,,no,
biaaknakebegdihkecjiecmcclccbgen,,no,
biejgfmpdocfbkfjefolmldjmamlpnik,,no,
bifbkehloclholjjlflnpkmkpblbnpff,,no,
biimnpmonknlmkkfcfdcbhickdgohfll,,no,
bijjkadjaipgganffheldilihplagpgp,,no,
bikgimbcnpomogjpcbnnlcjaogbmeadn,,no,
bjeeegngklfpboeconhclcdakfjjkblj,,no,
bjfnggmpeafbpgjkgenifjfenjbpkkah,,no,
bjhfbnlikjdhekiifjoeaiggdklokgce,,no,
bjjjdfkmchhojjkgbnhhlpoaeehpjjhi,,no,
bjmgphdochmoojidbjbfigpejidnhhkg,,no,
bjmnncdkgkfjdapcalogmohlhnndakbd,,no,
bjoanidlhijmjlchlliompmlcfoapcio,,no,
bkfdepagfbledopemnbibcpcmainlfam,,no,
bkhcodnoiphddlejbdfgncpbiillmdaa,,no,
bkhdkimjpnfilgcdilhlgdmcapdbaopp,,no,
bkhgldmncffpjfecnncmamcfkagaglkh,,no,
bkmdnbgehnbhbddaogaocnioddgdbhha,,no,
bkmonfipialhchjelomnlmmpbmhpgnnd,,no,
blaepenjnaaccnkgmoidhohhbhjkfjcd,,no,
blfabmcjenebgankcigjloaibmpcoopn,,no,
blgggfgkhimhiomoibaaiplkdcffpefg,,no,
blhcojepckeaeclfjbjikohfncofgjpn,,no,
blkmoljgndbojkapgbcedcfkkaapopgn,,no,
blogedecchmdohakakhmboefiiendbec,,no,
blomfhkjjolopkkglifoclbjmbbambpg,,no,
blonkeapmflahmhfapdleaghefeikbmd,,no,
bmagoelcgiflbldbjlnchipcbkhkmbkb,,no,
bmcbdbippicfejhdnaihlgkmmhbmbgee,,no,
bmflobjdjdjgkpdmfapminegjlhdbimm,,no,
bmjhdeklncloomdjgdanfhiecdoipndp,,no,
bmlbibebemncadbgojnhccmmdojblomm,,no,
bmpagnmkjecjhhfpahkojjhnnkkcnkii,,no,
bnannhfjbnkkidnpkhafbkibgmoakobm,,no,
bndbekmcjfgmejahhoefenflfgoafpcl,,no,
bndbhhjhmgjolkdafoklclbmeeekbgpa,,no,
bnifkklimjopcpbcaifijlbkgjefaobh,,no,
bnkopfbgopgpeagcafdmpankkgekabff,,no,
bnlcmckehplnhfijpiganijalnmidhbb,,no,
bnoooompfljhcmpeompgjfibbkjfbofh,,no,
boaejoplcbbmajapifpclnjbihphlnfe,,no,
bodncmiaoggmamehdlfckjeljepepkcd,,no,
bokkoihdpkmaholicoapcfplljkelfde,,no,
bonanlhbgkbmdbpgmljgpkcihiccfbha,,no,
boncjnidplpneajaldlepnklnofeejgo,,no,
bpfjcpnjjbjflghjfpnbjceppgnhnmpa,,no,
bpgiifkomgklcphekdimdnceakjikdbo,,no,
bphoaholnfnjmjhacbkbmjmoloigmied,,no,
bpibdniiefhnfgoolmniaimmcmdblgaj,,no,
bpjdpdnfgmnnljidbnigmaaifiefgoac,,no,
bplaoohlnmkonfhokffplflbecdcpbhf,,no,
bplgbhbbdoijcngojblkcadnignhadni,,no,
bpmgalflcadpkaafijjiiokggahopdnb,,no,
bpmonflenecmaifcaebaahcnfcokddeo,,no,
bpoiienhphelplkommbejalkpopemmfn,,no,
bpoloolflkaepbpioaodkfkdmachcnhk,,no,
bppbckajicecpagkfgofgmpnnhimkgno,,no,
bppbibgljmdpmljihakapcdnnifpgjme,,no,
cabofeijnooolfgcfnggempddicdeemk,,no,
camiehngogdpflplmapknnjkeeofhfop,,no,
cangpjiaklckllaeppbdhhpcmhjambak,,no,
cbahgbhojnihapbdinbebcckefbohldg,,no,
cbbmigmialcbkagfbbbhbfbdjjbginpi,,no,
cbcfjpgfkbinkhalbakiibcfhhcpehgp,,no,
cbhfpjcgppbhddicognihoajkegepjpj,,no,
cbjnjeodomlbimegfmenffenlfpndpoc,,no,
cbkhngbnilmnoklhhchehbndhebpnlip,,no,
cbknjnnckepopkkdcbggjlomejaodoai,,no,
cbmcjodpkhmoipoicfjcpbodhfhakbfb,,no,
ccloggcmobohapohippbclobmkgilpjh,,no,
cclphggaaaggibphkbegaimocgakliak,,no,
ccoegncegecdnigkiclmlajpamcinchk,,no,
ccpomcjddmhiadddalbadlbpelcnbcia,,no,
cdbdonnllacolalkaocmcgoofgibcmco,,no,
cdfojffepjegadljoamlaoebkndckdln,,no,
cdhpcdadfnlhpalgijfjfekngomndepj,,no,
cdkmgahmcofignbjkjjlijfgapgndegh,,no,
cdmjkaknohhcfhhebhekanmhjhkjamfp,,no,
cdmmhhcnjcfeafkakiohappfbapkonmm,,no,
ceaaihhahgodofkmolllbdohgillbeln,,no,
cebmkhgkdaklnninafgkdibcccfdadol,,no,
cehdjppppegalmaffcdffkkpmoflfhkc,,no,
cekcgdbnbgomcigglkfdcddedkamongn,,no,
cemfoagomhonpemjnjehciigjieojfao,,no,
cfccpegpcpnjcbeanibafphblajkfilj,,no,
cfdfafakenlgoenhcgbebhdgnnjeofmh,,no,
cfheaoniihkklbpijcphionnpaoelhid,,no,
cfkdcideecefncbglkhneoflfnmhoicc,,no,
cfkogjpgolfbfbppokphmjafdnajfbog,,no,
cgbebmjioohffjlgnlpfhlcegigclpon,,no,
cgdnliciojiomekmfghemkgnopehfkob,,no,
cgghmbbfnhkjmadkgnfgifdbkkdejnje,,no,
cgikpenmhidpejfcdbaagkilbhiohjnk,,no,
cginnmmbhcfboaliincmendnddelbdbf,,no,
cgmgndbmhjnbfiajfbdkndnbjhkfpmcd,,no,
cgnffoohamjmchlgonlhlhdkemghkgof,,no,
cgopijlpehalkmakdjmhjonljokilban,,no,
chbjlffhmimfigbplkdljacnhmcaemim,,no,
chhkhjckiklfllgcmkkioihejdcbanog,https://github.com/mk-tdev/TrafficLens/blob/main/PRIVACY.md,yes,
chmiakanncpjleocgbemoghkkpjicjla,,no,
ciaejnjnmbapcfdcjccnfacnmkminaeg,,no,
cichfkmeghifbapnebagjalaedfhahoa,,no,
cidgofjocgnlgggmkpolamglcagbojnf,,no,
cieiklialmahhlegaoiljdplhbfcookn,,no,
cifckncjfakncpdpoghgmglmkkhfdacb,,no,
cignipbcmbdaiihigeflmbkalichkepj,,no,
cihhogbfacooijaegidojdlfdipebmpg,,no,
cinodkkjcgkpmdlikimbhaimcmoajbpj,,no,
cjafedhlmgdffcjnieijmfifdopjpbdi,,no,
cjddnooodcpepaicdnlclcegceaiooah,,no,
cjdgehgngjapndihjoddmpiafiagbcpb,,no,
cjfeaoommajmcampidndldmoglblleio,,no,
cjkilmepecgopoeffjjbhoeenfkponie,,no,
cjmijbjmcibhainodffbgfkplldelgpa,,no,
cjmnjefabocldehmkdljfjmmbgdighdh,,no,
cjndhijlnmklimkjpankipahghifhjim,,no,
cjnlopflkfhohagmgnieadabagflgpnl,,no,
ckdjknpngndokgaajjodimedamnbkdif,,no,
ckikbadpndeejnmpnglmimhopnfeiflm,,no,
ckikdjdpdmgpgpjgmjfmkfeapefiecch,,no,
claopjimjaobgmcalddkifonlegkcipn,,no,
clbiilikhafkmggfaiojhiioafljnhjo,,no,
clbjnimdhabpjefabgfoekgapgiabigk,,no,
clcggbgdoohcknddcfbhmjgjggegkpne,,no,
clhbjgbdocpldiobndgnlijdcmpppkhl,,no,
clnglkdjacljeegbnckbpmlhaghlhcgg,,no,
cmclidfpblckgihofnlljfjnkfkmmegb,,no,
cmcnieehndpoakfgecilgkkjcdlbicfd,,no,
cmcohdnllcpbpdkbihpedcnpbblbnckg,,no,
cmffoeeehcboaiapfhbdafcaffglhngf,,no,
cmiajahcaplnpgheplibnamkchkifkgl,,no,
cmleachpeahfmpcljamjindabfccjifb,,no,
cmmakfmoigfccmjakpbkineaanjpjjan,,no,
cmncfiglejfifeoojdhlnogelnaibnbc,,no,
cnahhfkhmgmkoggodnalgkdgmakgmmmd,,no,
cncjfnphpogdhfjanjcebkmenifnehbd,,no,
cndcpjngffkbhgokifbcikchmcenjonk,,no,
cndlminlhknjkidkemebfdedcfbnakim,,no,
cnekopmikoamhnepicbhbifjbnejcelo,,no,
cnfngpgfjllafbghaimjcmailafcdhod,,no,
cnhlmanemmekoedeblbknpodncnncbof,,no,
cnijbkemdfemaikknejjgmahbofkmhik,,no,
cnlnfphheclimhjoeoffeiniijfececm,,no,
cnnjheeaajobcigngnbandpahhogemif,,no,
cnnjmnbbgecobhaifdldmoblpaajhppk,,no,
cnnomdadchddnfpalaaoniehedbffnpp,,no,
coaohmnppjhgocikjodnmfijdfeehjoj,,no,
coceapipjemhcjccibndohflabmjegbk,,no,
codimfnjmclmdlbbjblecaahhpjdkcjf,,no,
codpekfabnkpalekkojcobgcedhamlgm,https://jbpricetrend.nepstudio.com.au/privacy,yes,
cohfdealonnaofcmpogljnfomdjjhfmn,,no,
coieplppffnlhljokjbolbchliegcflo,,no,
comhdopmgmidogfdndgmaobpbbafpone,,no,
comlhlhadkibegigjnfebklaalpbphni,,no,
copbgngdplomendmfodmlkebpikebacm,,no,
coppfcchpajolmnancmmhokefbjmiibe,,no,
cpbghpalffgmgocmnigfhalghmaemffo,,no,
cpcedoafdipbfenilejhnhfifgkfjpjc,,no,
cpfaccpdbdkcpfhaelfocdmfelacjgkf,,no,
cpgpenimffggifolgdohpdnjonkjdflg,,no,
cphkjifhddjcbobobdhcdgmechfabolp,,no,
cpiecjgelffonkjegoddppiameaiiiea,,no,
cpjgkcnmgdkopakdneagnnhalkfccjoi,,no,
cpmnnkbikkeanjdbcchlleebphfieijh,,no,
cpndkecejnblehgenlnogffaeekmkphh,,no,
cpoaobdconoahfkfeakcbdkoaebgninf,,no,
dadmcdnefgndkgjnnnpgjclpjmaimmom,,no,
dagmgmlgidlfkflcmiaejjndncpknimf,,no,
dainfkiodjpgacgfpjlmpappjlhgefnm,,no,
dajahjieacnbinommfpfgcgbimiceoac,,no,
dakfiapmeegpolgffobifnbeablenkpp,,no,
daonpfbaalkmmieafnfpbopadndgbinc,,no,
dbbkbkhhhdkiomljnolimeolimfihlnc,unknown,unknown,item_not_available
dbbmpgckkilbkcebmdbgnbafdipongik,,no,
dbbocdkibfmcfkolbhkhoghmhhlbkbjf,,no,
dbegbemogananoeokpjflhbdgeoghpjk,,no,
dbfcpemccljnomkpjhfkcddnhphooaim,,no,
dbhdhjdkompnhjlopilfjdnammoghoib,,no,
dbhdmodfbioddbomfbmcnekfcbiiachd,,no,
dbjnbgeoijcmhjfnjdolmpakfldapigg,,no,
dbmokfgfggmddcnianfgdaemanfjellg,,no,
dbmpcmgaobegakpeoakjpckckbelfifb,,no,
dbokhbfkfmelfnldgfiekmoojmnmfeji,,no,
dcbjalahflipdppdolhbbnamfkihejmp,,no,
dckpkfjeghhjmjjlajdclfklcobdccli,,no,
dcmdlllimglfijapdplafahfjfgpgcam,,no,
dcngopenklmnfdlfocljeaokkhcplong,,no,
ddapaifbpicpmfldajmahofeeppkbdkh,,no,
ddgnpllkhdcadligoldndfcdpkhmffim,,no,
ddljbiojllinncoiijehmdciibdhfjoc,,no,
ddmoagjgadlfdaefjlofaaeibjcnofbm,,no,
debnncefkhbcaffllfbcejmhhajnbine,,no,
deeeiooppmkpdcboffnkdkhkeoihamkd,,no,
deicdenjcnmnojlimocccpfhphhehmdg,,no,
deinfiafknabagooebnaimdcemhhlddd,,no,
deobfkgpcfnaelcfeiihpahnejpakgjj,,no,
dfaajedbdgfknghebpgmhnnjifcmdogg,,no,
dfchbdgfeddjeomnocneocicdklckbpe,,no,
dfcngoaoikgijdehhcjhnfgjbncfhalc,,no,
dfhaeonjlcgpgoienfbafnnpdommhblh,,no,
dfinhejohkdecfccjgejkmaapcgpcamo,,no,
dfonmmolamiabkaibgjjobcbkigibcpl,,no,
dgabgpgnimkjoceknefmpcdgdcjihkmf,,no,
dgfjlkmlhpenoipodgljdahhndgnlkni,,no,
dgghpapdamopifbdinecnmibhmhkclea,,no,
dghjefmllhomobagbaidhjhmjgjncpgk,,no,
dglfkfplpknndminaiecnppnkeboffgb,,no,
dgmldacdedidobahkjdnmnbjbjfedjmn,,no,
dgomhapelhmbinmmlopahknnneocimna,,no,
dgoplbgoifnlfhbemelkldkifokfenpn,,no,
dhagnbnofnklmhfdggckcpmhafmblajf,,no,
dhaighcmggigocehbgigdbmgpkhcekgl,,no,
dhbhhhcpjfbpdgaeklmijifejeoiimef,,no,
dhfljnmkpcpmacaffjcplpdpggkmojhf,,no,
dhhijgihdocnghjfbpbalcpcohfhlgij,,no,
dhkcndahfmecapcghdcegojdpnadbkgp,,no,
dhmigjgploomjfdepmcidljjkoeaidif,,no,
dhnifdbjepgpcnhoofjfeieimlaaomea,,no,
dhopldobnfjeckokfjimfcdagmlhjdce,,no,
dhpaiadnjbppklggkdajmlebcfaiaobk,unknown,unknown,item_not_available
dhpopjcgmeapdcmoeaiaaagpdoccefpk,,no,
dicjcfjaalmokkfhadmblbmaohdmaopd,,no,
digafonkkgaabmggclpbabfmfnambeia,unknown,unknown,item_not_available
digjcibimjpldcnedmdbpgklkoidhfjm,,no,
digncopodglakoobkmpjlcebengmmbln,,no,
dimjkemicfocbemcojanlngfneabnjik,,no,
dimnpcbcajafcaipgnppimanknnlmcfg,,no,
dinlmjhadlkhpfdhkpgimodmaphaoopk,,no,
diohigkfkdmebnkebnnifhcdipfjjmlf,,no,
djbakdmgkelcfchbglkjbneoonokoeaa,,no,
djcnhbdihfdenpmmnaboihkfeikpenga,,no,
djdhknnkiffikocjbbgfmgifdljijcek,,no,
djfafhjceiejgblfbpnndlfidomffmnh,,no,
djfkbmoagiejmgjkkhgnkndpoalglnek,,no,
djghcnpgdlnhapffnejejgmaadmgfjoi,,no,
djhcelgbkggnbipeccnnbafbnljoikkc,,no,
djlabdlmdkbnebjlekfifdfihmlmdipp,,no,
djlifcngcnglpjedmmkafngfigebogin,,no,
djnnnncajbieecinjfmiiojdbinlchpk,,no,
dkbbgijglmkigmoclejapmngikpiocki,,no,
dkhbehdeohmjdbochilmckcngenokkff,,no,
dkhlikhgdpebafnphaomomconmikccai,,no,
dklbojjfbmaonbdcgiabhfdindoppbko,,no,
dkldakbooohchnkcagjlcloblpoocfcf,,no,
dkmllenakpnclinpfldmenklmjciakjo,,no,
dlbdalfhhfecaekoakmanjflmdhmgpea,,no,
dlfofjfdhjlagokcobakahgfhpaflkla,,no,
dlgoceidbpkdallbhdfanahejljmijdg,,no,
dlhbbmpkbmmeaneolboheamdpiomdlcb,,no,
dlkamhnboaophomikmggacmbmpbhnhid,,no,
dlkcfbdmfhafkppclljenakmjebnhgen,https://safeshop.me/privacy-policy/,no,
dlkmgiemlmjhhlgiphmdfpfeihegjmhe,,no,
dlkmkiiccmmfjoodngomfndmfilhblhe,,no,
dlknohkngfncgickemjlfldifojpehmb,,no,
dlmanjncadnicgmpfhfendgfldnbgfjk,,no,
dlnglldcaegkgmhmmhhdknblccppichf,,no,
dmbalohccebhfhnadejgcpikngacbfek,,no,
dmdgaegnpjnnkcbdngfgkhlehlccbija,,no,
dmfledeppinlciakcinbegohoadmbigm,,no,
dmgehjjgabifepdkoilhaokaojohfbpm,,no,
dmgojbkbogegcgdfbilopdhlehbikmig,,no,
dmilkooheefgfejemmpaoolglioodpia,,no,
dmnjdbbekloopodpefnhmdefjeclmjek,,no,
dmnpgeplllcoeicaobcmflchjlbbicib,,no,
dngbnmpjcfppjmdelhhcpjpeneaoejln,,no,
dnhjmfgehonbkbnkogpgfomndmhccplm,,no,
dnjdljbjboennhdkaimopiokcbfmikbc,unknown,unknown,item_not_available
dnldndgncdhofafboeafamicpdkbdamk,,no,
dnockfpimkeijpmcfpkbjmoohjhokcei,,no,
dnpchpnfldociemdamdagmplceldbfol,unknown,unknown,item_not_available
dnpgkjkmofjcdofkaeedjlijcanfhpjl,,no,
dnphlndoekmhhecclbenapjlpjfoggck,,no,
doaiglmoepglklcjalibdekhbimjmmdd,,no,
dodeaehlbfhlpjpihdpokjneagfopidj,,no,
dohobochjfppgbjpcbkaojfmjkgmgpej,,no,
doiejlmjohnniponkgknbmmhbnionbng,,no,
dojillbdjggeinhgdggkkhnpncahicng,,no,
dompeeegekhkimeopkaipdmhkibmpoie,,no,
donjkfgdfojidiebkopgppmafhpbhpbk,,no,
dooicgokdfcfhihndljfnilbkjbcenma,,no,
doomgdeiidbenpimgnbfngkhkjgmjjbc,,no,
dpagjbdcconpnlheccgjephfelkoohdh,,no,
dpbjimflkadibmnfbiggkhbkggnokkmi,unknown,unknown,item_not_available
dpdehpgaibgnedfdhdjlcggodancfcec,,no,
dpggfkaifdajfnfkogccmpfinnffbjgo,,no,
dpihaofnncmpbdmmmjkcmpbpcncefemm,,no,
dpmmcccjdcgdjnlnicicdbnlmohhpagf,,no,
eaaimpidkehcfoijfoiphddofandogmj,,no,
eaciajongoamddcjjhglphhkchdfcjmj,,no,
eacjcbfhakpkfabohdjfcefjfcfhpdao,unknown,unknown,item_not_available
eafefngfojpdicbibcobmemgcoinieeo,,no,
eafjbbenkodhmgeopcogednaflegnmbo,,no,
eaickedmohdbcficbkhlljiponnajiip,,no,
eanblchdckighpngjnkemocngjejhlkm,,no,
eandalcihlejmcokgmmbkaopglpfncbo,,no,
eaohhbfnegciobbcgfonhkafeeghgden,,no,
ebcodjjamndghipahgabfoaogipaoaen,,no,
ebgaphokmjmaohdbihfkhhfdihkjcaki,,no,
ebgngjpjlbehmgehnpeckhdhmnoecngd,,no,
ebhmobjnbljlanbbdoiehamnipokfknl,,no,
ebjeplhgmhnjbjlfbkjgojgcajelpneg,,no,
ebjhgimoeeljjeflfenibkmcahpbejkg,,no,
ebjigpojdkoclfidpgjkcgmdnjlajgej,,no,
ebpjgingkcbafhnpjpednohbdgmbehfa,,no,
ecabienlfnlkdblcelbpefllieanfmfp,,no,
ecacgmnpgdalbebmpmpjfafkoiffhoek,,no,
ecbkhfipnenaojmibgpcmhlblbndilbo,,no,
eccggplbkflhmjcbiflidjopjoodgoop,,no,
ecdnhhibacmommhpafmdmeekoinhlbhf,,no,
ecehkmhkdhhokpnalkafghkilgmpaglm,,no,
ecehnlobjkmnflfncpmpmllglpfpdofi,,no,
ecjaoieeiikoaiiigilikfbjjfppnhdl,,no,
ecjnecoekckohdliinndojalaakmkcld,,no,
eckdopmfbknbhlhbpbconkbjkfigaejh,unknown,unknown,item_not_available
eckklfknmacfiieifpamgebdbiibgdca,,no,
eclhdnlcepjbcnkmcaapeepicbebjepc,,no,
edbihmbchbgcclijnkbdnkcloaidnkin,,no,
eddkjanodmbpjkpfddmchmlcdimbkcno,,no,
edfmafacecakjcgejemgonckimhmgipj,,no,
edilppbgpnajdkflhjcjjjlnkddnmcpi,,no,
edlipbpgbioblldbbhnabfjbkgmbghhn,,no,
edmogfmckakjajlkcpalfiglgdpoloeg,,no,
edopjgcoalhcnmdnhlkcfjekhggmakea,,no,
eebfdipcbngokikomppfjooboejdigeg,,no,
eedbdfnedkohlcpcndecjjcpjljaccmd,,no,
eeejbcmnmgogpkgeinlbchoafjjbegmi,,no,
eeekiefbeibghdfcljeajoamopaoaaep,,no,
eeibjfehheofgblbiloinpeckmfkenpc,https://www.kakao.com/policy/privacy?lang=ko,no,
eeimmkelfgkdllcgafbondfkjhdeaknj,,no,
eejdoekiagnkdlbiklocdajmbahbiiop,,no,
eekgeppdhajdgjndpodmkbgaklmbhmoj,,no,
eempfmbijiikckdnfnccggnojildmoli,,no,
eepknepplcnhgdihdoenmfeinljnaggp,,no,
efbnphdkhkehgbmgegjldhdknkbpljke,,no,
efffafaaggghdlocdhalklfjkfpdcgbo,,no,
efgjgknkmjgcbgnneaefikpjfcilafkk,,no,
efkikedfbdpkjmbbihcadhcjecjibhgd,,no,
efmgdcdepachiecodapidmmabfhdahig,,no,
egfcllfmcbmblggplhfofdggacoohipc,,no,
egfhmlhjcmnnlapppflddedpnkjmdoah,,no,
egfpglbjbnmcdoajiggmifimekmcmoff,,no,
egipcbbmneaceidbpenalljikijjjoll,,no,
eglkccfmhckhnkeejbiciijlgfhabopp,,no,
egmofikcmpeplgpkikcekolmhoighdcg,,no,
egochjockemomcpjfojijkibgjnmamhc,,no,
egomkcmfefagklakkpkdlbiahakcdedo,,no,
egoofjdnlfafcinpkhjlfdmnlecdomad,,no,
egoofkbfmjjobjejhiebklohonpgopoa,,no,
ehdadididpbgaonbdbbbmcbbkmbifjpg,,no,
ehgoebfdmhafkkongmkidfacnaopncli,,no,
ehhfiaolgafmlbnjnapdgjegpjofolfe,,no,
ehjpdlodkgnlanajelhcombmlddhobmj,,no,
ehmpfikjiogjcbdegjlkeongpfbmandp,,no,
ehnegfjdaahblkfcbceipjclnfgepkom,,no,
ehnjbccibfpbemfknibonekkghplflbj,,no,
ehnmnpibofhfmajjaaipjlopliobehbl,,no,
ehnmopjnjaoconcjfkhmpiehdmgcjglk,,no,
eibgpgpepohidhimohgnlpkmeiaokman,,no,
eiceeladfkklbbdlgpfhgclfhlmkpmjb,,no,
eicgfddmifdjbjcbfhfahfgkjehbnlmm,,no,
eidigmepbbpkkjnmdkdlcchlppceofgk,,no,
eiijfghjjafhjnodcgdkjgkpnlgmdgik,,no,
eijkngjjiekdphnmbdhmidihbfgaggel,,no,
eikbdpoggjehdphcbanpphhcdjjlhldk,,no,
eikbgnhpoloepeniefioapmmjakecimj,,no,
eikibpddbljcnkhepcnlimieanmjjmhk,,no,
eilakanollhbgdoppbffeikcbkhmeloc,,no,
ejbckpfkjgdpojonolhdojipfkdiolbb,,no,
ejflccgjhcloeienodjdmngdhockjbdf,,no,
ejglcnfonendnhiamfdihmhimaahijdf,,no,
ejhggpghkhbgnofabiohejoecejkogii,,no,
ejiaclfochoaeeghekknliladejnblio,,no,
ejigejogobkbkmkgjpfiodlmgibfaoek,,no,
ejjikbphldcdeoheggnbkbnenoplijip,,no,
ejngieemonaaniidnmhlijaghjgkkbpn,unknown,unknown,item_not_available
ejobfbmfkodjnoemgfpcokifmnjnfngn,,no,
ekagdbamomaophgfdgmmhmfbdljejbpd,,no,
ekbhhepfdbfghbgpcfokaggmokndljoa,,no,
ekbkonaklmnkggpmgpghgemilcafhajn,,no,
ekldmnighgnpainnhniamakphagmeakf,,no,
elailmgneajdibfbcjniiohnpkbccaim,,no,
elbolmgahjjjjcccgpmlbahcekcepmdo,,no,
elchmlicdmocaaeolhicpaboepahnfin,,no,
eleleiciccjbcdeblokkljkaceepcdbb,,no,
elfogaleglnnonajoepljfjimjhpmhim,,no,
elglebppgjnnnfejdlalchaaaoipemcg,,no,
elgnppbfnadmgpchdccobolbcnfpjlbd,,no,
elleahaekbipgoaecnnagibegbgdcbbl,,no,
elnpkmbbhakbhliaknglhmakbegbcdgl,,no,
eloimfojjojggmdplaoiaobopfmjdghg,,no,
eloomnlbmigifjjmlgkbecehfimmbcoa,,no,
elpanehbmbcebclnioijeadngjcfpjid,,no,
emaobhcdhflelmpmdahgjkcdickfokil,,no,
emeepjeafkpbeaegakmbkijcpingdogi,,no,
emgfbabcmmefkmjggedaecmmohodbdpc,,no,
emhbejaoepiifoekhcaobgeagijieank,,no,
emnloinhniaemghdifdoojdpcgcbabdm,,no,
emomaadogibkdbffbjmenfjohfkbnfbc,,no,
emplihipkdkncejkpofkbhldhdnickjo,,no,
encjcpgjmkfmkndkcpcpnagcjjklmkbi,,no,
endikaijljppmcjadhigiphjdplbihkl,,no,
enfbcfmmdpdminapkflljhbfeejjhjjk,,no,
eniljpfjdcdgepgakcfppcelklffaegp,,no,
enjilofnmpaaiponmfniemiakcjedlbi,,no,
enmpedlkjjjnhoehlkkghdjiloebecpn,,no,
ennmnfichkhmcecpnllkjklgmfdcenlc,,no,
enonjhmheggkloeodggkmcfhgppkbgai,,no,
enpcbdkogddnfolafdlgchdglfankohc,,no,
eoedajjjikmneblhnadlbhekmllpbdha,,no,
eoehdoipdmfoncbeenidcloadcnejkma,,no,
eoeikkbkbbjlimcfaocklihkfekfjmli,,no,
eoeklbichabdnhblmeehloanmccgmlob,,no,
eogjkinmckdpnhfbicfnndhgalkcmmam,,no,
eohfbgfljglffaofibdphglklbeffkig,,no,
eoihmklnjkngifajbdlfhhajdcdpmplb,,no,
eoimiefaeblleehdjenfpaiombhcadpa,,no,
eojnmbfpldkdcfblnmljjhgocaahpcjg,,no,
eokhbnhecohkillmbcaicicmlnokeame,,no,
epbhngbkebcancncnfafmjafoeecdbcp,unknown,unknown,item_not_available
epcgfegcplhmiicfoijelpadekfkldip,,no,
epdkmdafepnapeofoaeacodhihblgccf,,no,
epelpmdpanjnapichgfmlpnbfinbmamg,,no,
epkclcbkefpikbpopcpjjlbajhnglged,,no,
epkmpmhaolchgpikglgiijomelhebpji,,no,
epnjigbanmhkcbplpifelgikbehmgdmn,,no,
fabhhnopglgojgmhckaegbiopogdcibh,,no,
fadfgobhjoibmjilddjdkeppljcmpbii,,no,
faeifcikhbfnlbombjehieklfimahpnc,,no,
faemphkhdgmldahbpohfgekkmkfcelgc,,no,
fafjjknaoiaibnlcinnbhgonjfcahhck,,no,
fafliigipoafaedlemedeejbelpnihfe,unknown,unknown,item_not_available
faggmjgokippbndldnjbjckocbdoochc,,no,
faigganoaaagokpjpmkcaennmlbgepgd,,no,
faikjkggoclbeabkigadengajchidand,,no,
fajmdbbmcncahahilpfdiacamedmgdlk,,no,
falodpolphfpahjajahbbnpkimeiaggo,,no,
fammoelfjdmohphfelmpenahodmchjpd,,no,
fanbdaoeaeofkikacmfbbkeoobjnoepp,,no,
fapipncohedbcnibgmoeokcceaoidlli,,no,
fbanmddmbnpfmkdaclfnecpdganjpimg,unknown,unknown,item_not_available
fbbkjfahglbaanabdjicflhobnefdbig,,no,
fbdffmdcnfhcapdggbdjkheeigccbaoc,,no,
fbifdikimgpjomhdfmaclnfidkblojkh,,no,
fbkaccfeebfinogoilmnmfffeiogchoi,,no,
fbpnfcemlpcledmlpjmphpkehgokghmg,,no,
fcfbiiaacfkhiahplegpcmmhojplglec,,no,
fcfepcbfmgbipjnaaeclbhjdekolhijp,,no,
fcibefnooppnknobnmkjflnpdifnhalh,,no,
fckkhbkkgidanpmdgomeemdnldbjcpjo,,no,
fcngkiecnnjdifglfdcbolgjabpljdao,,no,
fcpaigjhleffmeblhbakckcdhelajifg,,no,
fdcakfgblcccmhkdihmmebjngbaigadm,,no,
fdcnefghhhackjlnifcbeplkbhdmdnmn,,no,
fddmigibhfgokobfpcefmacceogieeli,,no,
fdfaianfdiamkbeamfnnbnphjlkobnkb,,no,
fdhgablakcgoopnkmbjgkompecgdadil,,no,
fdihldbemggpejodogefhbpgeebclnfj,,no,
fdmckjkfimjjgindkgjpjmaobanjpeji,,no,
fdnfhjijilklnkkinbjjhmhjkkkekfcp,,no,
fedddpaapeedmkanpenidomfbebacgoa,,no,
feebnlfdkcmjpjnbjejdehjdglcgcdom,,no,
fegalkjehfbkilffcdlellohagpfbfag,,no,
fehikckiocddnjajgdjjfakbmldcnoni,,no,
feiecllhhpjhbekhnhhgopmipfcgbdkb,,no,
feinilelhamnodbmhjhacnajbbhapdhj,,no,
feipelgdamgfcebhcdagbobghaimcpni,,no,
fekijmfalbkbnjhnhomgiffmikcodmlp,,no,
feomihafaodmancggbinmmmiahpjjkdn,,no,
ffjecjncidndnlipbgnlocbflaphfeoe,,no,
ffmmhhmhpjafkdobjmffgmihnpmmendl,unknown,unknown,item_not_available
ffnafghpfkdlfhlokkpjafnhiibjicgp,,no,
ffngmealochofcdceckkegpigibonjkg,,no,
ffoplbihbkedmgpnmobakgbhmbbjhkho,,no,
fgbfnbkkollcgnpibaedekjjeenfjbdn,,no,
fggaihdigjpnecnpkolhkbkmfngfjhdh,,no,
fggkcdmlpnimoiahgieliklgicjdmnlc,,no,
fghjkcpcflamillpebiappiepjpldphf,,no,
fgigciogjfempoibledajebmlabaekee,,no,
fgjdhbngbhigjhhahljneecihgjphogd,,no,
fgjlkfgcmomfffoapgjojccpkonjhcfo,,no,
fgldkomofdfcmkccjgalihlollndjmcc,https://netsuitefulltools.com/privacidad,yes,
fgmpanjdodgeeioebcngeamnijalodng,,no,
fgofjkaefkbandfjpdignadgpgbadilj,,no,
fgpcpieoekiilklimfnpledochmkeako,,no,
fgpnbkajfdgggieepmpanicongciddcj,,no,
fhbfhmmifmgcmnhdgjbgmkbaieembhha,,no,
fhdadchnnlljmhfgpflikabpickojbfn,,no,
fhdfonnfnbifhkooihkmdlnjpfagkiag,,no,
fhdkijkbkjonajlelhpahdghfkfcccbe,,no,
fhepeigbfekomdfpingmfallchkebadc,,no,
fhepnllbcomojiehblmmcblhbdmojljb,,no,
fhhnbflefbiafcmcidjcohmdldkeddeg,,no,
fhjdnlijieklcjfgnmoidinfoeiedjlc,,no,
fiemppimjlcfjkoabfamofegodeehgpm,,no,
fihadmknkafbbfjicogfbbhgmfhpcnpd,,no,
fihbfldgiacbackopmchbcoalcfiijpc,,no,
fiihlhgnepkjahalcliangpgikcaccpo,,no,
fijjgmefkbbfhobbdeknhpblfpgggkec,,no,
fikmdnehfmlacgaojgchiclpchjabmfa,,no,
fileepgfmlpabmkbocijoaggdmlhenbf,,no,
filjkjobinnmmebhbfbmlioehopdlgjp,,no,
fiondpennbiigmhhgbhkfofgfjdfdoce,,no,
fjbffnhfchidmfcbecccnmdedjahankc,,no,
fjfdanoakfjbajkkfdkilpijakabilni,,no,
fjigdebepbcnehfgalokeejckkgloddl,,no,
fjigfcghoooegmndmejpoeoodplfmoca,,no,
fjihomongkidpdilmdcpjchaiomdfoni,,no,
fjjebdfjfdijjpkmjbmcehlhhfldbloe,,no,
fjmkecnockjbkmcohcbcjoecpcgdbeoe,,no,
fjnccjbbfpefgfhndlfgjneofbpoinpf,,no,
fjnpimkoccmpgmfaghkholmdfhkjeppp,,no,
fjpbdceeefondanapofidfdnnjnmphej,,no,
fjpelkmnppgidlhciigiadbahhenpjnb,,no,
fkakfklkhmjkkehkjchemdgeoldekdml,,no,
fkepnoamaphfmpdlallaioglfigdjema,,no,
fkgccnilinopohjfojdpfgbkljfkfbaf,,no,
fkioioejambaepmmpepneigdadjpfamh,,no,
fkjbchfkhobicidhanefokhkhhfhjhek,,no,
fkkbbcbjidlkelmpajcocjhlhoabepgg,,no,
fkmkmpgeebbdmdomfgdkialajkfjehkn,,no,
fknbdohkacipoddbdpofpgmibfifpgmb,,no,
fknnojnoofpbinebdgimknfkboobocba,unknown,unknown,item_not_available
fkolfbhideobodeadkniboeejnbbjgfa,,no,
fkpkpknohlpkebpngkanckgobiickjlk,,no,
flaeoabpomnajigohjijppimebimeenf,,no,
flajcckkgnpmjcpobjekhdjlkalgkipf,,no,
flfgiieliommhaabbacamilekegllnaj,,no,
flggljepibpdolbbbnkoabbimgecfbkd,,no,
fljlnecfdhdhbadlajgdjfdclbadbkoo,,no,
flkpmnifcgcgkdigehiakdahdmigacpf,,no,
flnghofnkmfijdldjfeebhglaijjkbfc,,no,
fmafbknehbaaggjdecididhgcadipfmd,,no,
fmhnmppgmnanelnccdogkdeobodfhjhc,,no,
fmmkmapipdcmmdadlbdinpbebhkchkih,,no,
fmoihgcdhifngelkfadcnknkmnempdpp,,no,
fmpmimlmjgfnplmmfenbpgikbdgjcdim,,no,
fnankjeiacpnlggppfojhopbgmapnkjj,,no,
fncgkhfinphjhnoedgobilmbjadalcek,,no,
fnfamenkdnkonipbiaegmohlbollhogi,,no,
fnfchnplgejcfmphhboehhlpcjnjkomp,,no,
fngajolidaknicdolmohldklijiojdon,,no,
fnhjojpkjecaieggncpnnebnhdjjoida,,no,
fnkclfjoommmlhjbbgbihdolidbfjiml,,no,
fnkohghmlhjonhifnakaejendkgfkbeg,,no,
fnmaeopgcjnpkimkknpeoimkdjaahfla,unknown,unknown,item_not_available
fnmnhligdfjhiafnnfcfmglapnjmpopm,,no,
fnnjijgocbeenofadejbhgidejngemom,,no,
foahfjkmbhmabeciibakfmheoocbbpdc,,no,
focfdkbacjgggjcgkadmbiikhjcbkkic,,no,
fofmdlokibpecpdcgdomnnhdacicepag,,no,
fohbhdoaijhegoalhpcjmnfehcimhicc,,no,
fohbkjbcfhdfefnhnjpnlbjjjknfejhh,,no,
fohbpcookddpmmhpmgoogodlanhikeib,,no,
fojhahcdijcojgijhhanmobkbbejmccj,,no,
fojkldnkhgaiomfmcpnfgofgomendncn,,no,
fokcckhehaiibdkfmkoelafjalbnepbj,,no,
fondjoepdngpdimiojnpikbajiakobhb,,no,
foojofgkcdcmhjcemghgldmkamfechhj,,no,
fpbchegllblodblbikkkakhgifaialmg,,no,
fpcohiaaphpfoneofdlabjnpipbnkplj,,no,
fpflneaijgaoceloangnlmmfponckahb,,no,
fphdnbhfdilkjdikeamhjcimamgfllag,,no,
fpidpammgcoakopbiojdgmmbkgpkcgll,,no,
fpimgeojbibfgcfogjbflcbmhmaidian,,no,
fpmihmpphpimdclclnjapjhfiiomnfdp,,no,
fpmjpcmbpebcjlnkhahfipcbjajldanf,,no,
fpnlpmkinohjlmefoljkoadjbnphdgag,,no,
gaeohifhigajmbojggbnbhlcmejfmmof,,no,
gagpkjpimdfhiccjdofhpnnnecadmmod,,no,
gahckaldngifejiccbfgjehchmghelfj,,no,
gajcbohomhimidbmjgiabggljbmbdnhf,,no,
ganejkffokchgnphlpjilaglpgeoofpe,,no,
ganimlbiphepcnkneheoamhohhmjpohp,,no,
gbafmlhedfmgbhpilcndjponipimekjh,,no,
gbbnplbfifabfokbkjkjpfkkcjenoooc,,no,
gbdamjbjihmdfifjnpinooofipibgahj,,no,
gbdjhankcifbpdlijkfoilganipnhihl,,no,
gbfjgejkbjlnicbkonckkldpgmijnigi,,no,
gbjflnkbijadpcdomkcmbohkpbkdcilf,,no,
gbpamoohaaeemolkphlnongpmdjbhecl,,no,
gcddknjhchnhegfnekbokipolcncpemi,,no,
gcffenmifkompfmcjokpbcmjefhlkdhn,,no,
gchkedamhfnhihjcbcihcjopdgnbnkca,,no,
gcifelmojelgekapfiallfmdfjimplap,,no,
gckiiainlobhnihhkfneogobjgfgnbeh,,no,
gcmccmiceedebolmgjddhklghkaejbei,,no,
gcmdfpionccnbekglgcjgejamllmalmo,,no,
gcmhheiafmfkncmhogifbekapdgdkpfm,,no,
gcnahbcdhgjobeahhdogjhhmnlopcjaj,,no,
gcnalhakmmggbakkdfdjkklkllehecol,,no,
gcopdnkeobiekahfiejpejipjddgimfn,,no,
gdeafiecjkkmmmnfngbebdehejedmefn,,no,
gdeplgccpcknipindalhhoibcjaljpan,,no,
gdgigpdodpadbemkhkacgeichjlppkbn,,no,
gdpbgpplfhjleldeohajbcfcapichcdl,,no,
geapiojbgpfedapmfigonanjfpmnnknc,,no,
gecemlckgkaaalcegkofamgedcghjbne,,no,
gednlclhjebijfgedcaihhnfhldpoblo,,no,
geffhgacldoclghkegijgfhanghmolei,,no,
gehigehffhdchfaafeilninjnahofinn,,no,
gehpiplemlfajiampmikajhhogjdfjkj,,no,
genlcmjjklkkmclbgfbpagmehcnaphbo,,no,
gfalomniijodjoldmdeoknoecjgbopho,,no,
gfbbibfoigncmfcocobhpfhkiajdiabe,,no,
gfdnkfgfmeidoibaidapeieojhglpino,,no,
gfeohnjfehbjlbgadiaemfkifhpmigme,,no,
gfhhbglclhdjchmfccaefcepjcmdkncl,,no,
gfilopoflfaogeajmclcdhfhhcnfgacp,,no,
gfkmmpgmiddfcanjappceboeejokfgcj,,no,
gfmehoaklflfigmllifdjnnlpnffncji,,no,
gfnfpkpokfdkimddnchjenpchliojlae,,no,
gfoijlioecfilfdlanciagkehejaiclf,,no,
ggaonngfgojmeifboajphnhkkhgfefpb,,no,
ggceoihfkhmbgaclkpbifiomflhlmjnb,,no,
ggdmgcopgoceppjdnkhmnfgefbbaahia,,no,
ggfmjeggenkbehncjeihnhlfiacpbmac,,no,
gghobdphjcgdkjdponaomedjngocecaf,,no,
ggimgmdngdcdamnjdcjimaajbofcolia,,no,
gglglkfgbgihjjldilpjeoimcnodopcc,,no,
ggnkepaacmemddjmfhblifglobpaiemj,,no,
ggnnihoahgjhdgealcpdbdnbelcjlmkl,,no,
ggoldkddahebehfmfppcpnjkmhmkdpap,,no,
ggonfnboogcbgandomnooefackilgkhg,,no,
ggoohhjefaikbncimfcekpbhgggdnidc,,no,
ghgfpngolhhooggknfobjnjojdpedpag,,no,
ghidoghieebenfjjhdcfjefagmolnokk,,no,
ghjdchifgiedhcmkboddlhibiihihcfc,,no,
ghmnaamahdbpdkgbjakmjfccealcelmo,,no,
ghodkeoialdbgellinloecdidkhieaei,,no,
gibeipoilggdfbhhdjcbhdjcmplenkkd,,no,
gicbefnlgneloaciaebjikldgbbjldaa,,no,
gicnppepafodacddebgmmidhackegpge,,no,
gieaaboadafdijjoamoeeokabfddiplg,,no,
giiedinejlhaaeibpbbjfdfhbieidffb,,no,
giiobbkegdmhnkjmmpleiepnokbgnkdl,,no,
gijcohodenddcgbddenccckfcmeaddla,,no,
ginaggephohnjpcjkfipneolkcedenoa,,no,
gioghegonhgiacpllmogfofdijmagdmk,,no,
gjaccpkmnonndegmgdnalldeikfaambc,unknown,unknown,item_not_available
gjchcdhkoalmgimohlokjbdbccfibbgd,,no,
gjdmjhmdkognehceihohmmanlgkhambm,,no,
gjjmcgdmihdajcgogajilcpollahpkgf,,no,
gjmeeahncjhahkhnmblcckefemhidpkj,,no,
gjmfigbilhagighjdkbeaebmnmfaebej,,no,
gjpibceomnoaeilihnelefbbdlcppngn,,no,
gjpjdjhpfibeleohokedaldbmfcpamad,,no,
gkchddednofbponlngaaifggkjjpdhjh,,no,
gkelicmkomgpkbkjjkkollllepammhje,,no,
gkjjlmdcjhnobfnfpdnhofpbipnnlolm,,no,
gknodemjjckmkncijnedcpogffimkmbm,,no,
gkobainnoikngmecdhldpjkndgdjlndf,,no,
gkobecboibdcnmoedmhhoaajkcfcifbm,,no,
gkpblaimadclmdfppcoeehcelgfmhbmo,,no,
gkpkhpdoipmjeliaigkokopojfnnpgmj,unknown,unknown,item_not_available
glcnfmnbmknbphfgjgbokbbchahmiakk,,no,
glfkfgdphkekggpandbghbimmbgpeohn,,no,
glgceilljhlcnakifkoecgfkibkbhomp,,no,
gljclhdlenndkmjmkmmlbfgpkgbbcakd,,no,
glkebnfeoeechmiphpabhophnpcogpdj,,no,
glldkcipolmbmhhcjppgiplkbcjhdjbm,,no,
gllikmfcfkfdoocdeapnoldlamjnalcm,,no,
gllnmddhennebngnaablgolkpnoiccgo,,no,
glnikohjhmkofkfcphgbdlmhjdjffcmg,,no,
gmcfenkefgiejjhmkkmobaclkaicjjpj,,no,
gmcijpompnhokhcpjcodbmnognmpppbn,,no,
gmfibgfabecnncbncahnabeimhdkaiag,,no,
gmfohpkcpgficjknonbgiflpjlondljg,,no,
gmgjjjhfmcdgnfgcledhfeghjkgfdpfp,,no,
gmijanfaflkffaogjabihnndaidljddd,,no,
gmjfelholaicikmjicpfdcocljojppdh,,no,
gmolndlkmfmlgecphhlhjoobehhkmggb,,no,
gnafbfeadnipjoflamjkajkpmihajjai,,no,
gnchjekokpekmcipgdlplbhonnnmomon,,no,
gnenneojblopfmfognpicgekemgijhmp,,no,
gneobebnilffgkejpfhlgkmpkipgbcno,,no,
gnhmcenpphnepljcndpopkocmaolghba,,no,
gnjnefchgnhjhnbfalpkpghmepcpmfkl,,no,
gnmnagnfknbgbdkdmbmbchngfdhdcikl,,no,
gnopfpdlkeofflnjeffnlbnclhkpeoib,,no,
goaepjmeoeiofkhmgdhmacgbpghpemki,unknown,unknown,item_not_available
goageegpmdbgenkgkhfhnnjmgmgboegi,,no,
gobamlfhmmmpbeiolmgeoebfciogcpoa,,no,
godjodihlgcegadeecmppfbnnmmiieib,,no,
gogljilidmhoaicmkigkcdkgjefhhfch,,no,
gojkbjmodkhcfifoclmphicbcifkmoaa,,no,
gojkcobjmehmidmfbodfflogejgmkagl,,no,
gokighmmiccfmpdncbohggldefpioddf,,no,
golelpplkdlngebngpllflnhomlmndog,,no,
golilfffgehhabacoaoilfgjelagablo,,no,
goopoabgiblaopionedcogalppnoofko,,no,
gpdnjemnbmddmglmcnnnepobndgcfcpb,,no,
gpiaibkkgabmeokhdplfoekijnmlamnd,,no,
gpkknjnhiakkgigfepmocdabcfmggcce,,no,
gpljiiboglacpgdgimigmmecagkafcjl,,no,
gplljeehgnjmiodefjbhplkegecncknk,,no,
gpmpbikjmcdnjekdkoocmigomiglmfjh,,no,
gpoffkbopnpknndlmkbpnonabbfmabbo,,no,
gpohiakpckefafafbakohdoaapcbacei,,no,
gpoiheidjdhbblifoapoidbgfblidnff,,no,
gpolpaogaiollnamdhdknnndaannecjd,,no,
haagoaldacmjhnpoeoidlmjlkoekcafe,https://tco.designtheory.dev/tco/quick-media-downloader/privacy.html,yes,
habpclppbdmkojdhobabkccbgnghfghe,,no,
haghfodbognfhnhgcnjcmclcjockcbcn,,no,
hahlhcelhcokmpgficmnbcnlacikacjb,,no,
haikpgabfoaeadggcoeaaalkpeoikhoh,,no,
haimioomjonglaejmiomlbnkdgedkcnf,,no,
halhhaelcfghngkpkikcnlcjbmlkgjed,,no,
hbdaiciogdfmibiekklhllpbldhodbil,,no,
hbifaleifgeoafdggliegfijinlcdnib,,no,
hbiigmodkaoafbgeddboecoohacoodhp,,no,
hbnjiggfiecanfddobbpaciiapmgefpf,,no,
hbpjjpfbklcialpiolaknbjahganifli,,no,
hccpeleaejammfeofnokfkiaeoacefnp,,no,
hcdioglnikbenpfgldkpkdclhoccekim,,no,
hcgafhfjjlkpibafklllpoobeleimmpn,unknown,unknown,item_not_available
hckjhekebdlnipgejjbbkbdggfmkjjag,,no,
hcmecbioaaakbgddblhfiblmkpljeoia,,no,
hcommicnfibnkbgcdenhkoahhagidiml,,no,
hdakbgebkmfekpdhhkdembjkbnmbpmmo,,no,
hdbellhncadpmlgojhmnckfblhpcjdih,,no,
hdbjjccfdpkmipkkmghooacmdccdneli,,no,
hdemhelpejfpiibkmebfopkcghnlpdpk,,no,
hdngaopnocopjpkmkpplpoigjljjecib,,no,
hecdejfkdohajgcfmgekpbjhkoaohplg,,no,
hedjldnoldbeihmghalfbkaobifigmhi,,no,
hehhfmmeieiaohekdcmkeiclekehgieh,unknown,unknown,item_not_available
hejgcmaencclflkfoibmfjcfopljnohh,,no,
henbjilkbmpadenpolgoancmfgfdompo,,no,
heplbjajcklmhmpgaolhnhbajejbhkcf,,no,
hfbhgeoipeeihbacnjhndjlankpfalhn,,no,
hfkdkenonbflpejabhdililhnnnbngbl,,no,
hfmipcbhdmghmmbfbglnehkjcndiodcj,,no,
hfmjknaagjhcbkkjphdemaajlhhdiamh,,no,
hfngcbhacgnkhobicgfpmegmepcadame,,no,
hfnhalbbfenjjdplaeiedkjcibbgclce,,no,
hfoapaecnghdebpgecnimpgdjifmleba,,no,
hfolehfkmnpifdipcmbjaaalkngoijjl,,no,
hfolioemhccpcnofcmiipifhgbhgcloj,,no,
hfpbfhboimonfjdhicpamlbbkhlonjpk,,no,
hgamfdaglcaalcokanmikkcipmlibben,,no,
hgceimmlikafonpaggnlofcibnmggaoo,,no,
hgfpembbjnglkldkngbppdgogjkhkdle,,no,
hghfngahdegdmkclpgilljnlamakomgn,,no,
hgjhojhbolkdmcionbnjdcmiegafkcif,,no,
hgkmkecojejndopgbhlbjocdmcjdcgjd,,no,
hgnkhnjdgfcaeobjohobpebiafolkkbd,,no,
hgppemfkocieckgfcofgjmifcoenoleg,,no,
hhacnnbcpkcjdkkddcglgpajmbpechcl,,no,
hhcpoaibobnkljcfifemnpbhbclaagci,,no,
hhjcfogjnbebefapomcecmpbhjnnnhhb,,no,
hhmihfcfknlgddecdopnconfobegafca,,no,
hibacpokgkcfenihjbpdihgjpgaplbcl,,no,
hifamcafapclloojojnjfcicmanmgldn,,no,
hiflijockdbhmodojneooponaoomlodg,,no,
higeclbhnkfkgmmahkjgeglmaeleebpc,,no,
higoeedlibiodackgafaighadodofjja,,no,
hilcpgdlndhhjbmleoiboeagghofcibk,,no,
hilpcooanckkkpfagjhbeicijjnipenk,,no,
hinlennlogmaeopikjpgjmbpnpacchcc,,no,
hjbbfpkhfclkaefafhbkjocbpkgnlnpd,,no,
hjbhmgakfhdjpjjcanhhiogpoeaadiml,,no,
hjdhiclbpfmilddmeojkieijhkoglaak,,no,
hjehjbdkmocpjfoajmhkgibhljcfipei,,no,
hjhjmakkfkhfikpfnhagjjfeomipkcah,,no,
hjiffbepnhkjiljnedifepnaapojnikk,,no,
hjjnmhllhlmbmiekpmhkgccmjjeammob,,no,
hjkpneggcnclhpkddehdhlkeljclcnbo,,no,
hjlballhgfkfeopddpipeabdlfbeliok,,no,
hkdihpeehcbkdpoealhkflddiknkaaph,,no,
hkgfkcgofpiknphbdldofpfnmnoodkog,,no,
hkgjdddpkjdmondkjcbfpokacehkoljj,,no,
hkhnhgapjjpokcicdcgfdjphlempmkje,,no,
hkifboffcelljehanbhbnedchgbgojak,,no,
hkjjhdgfolmahfakmobelcbjmedikegl,,no,
hkjkbglcgkoobkdpceohckdcigmbghop,,no,
hkldfolmhnmgbljbpdhlnnnmkjegecep,,no,
hklipnlkhgblhjnifhdpafpdmhfmfmeg,,no,
hkmdcbokjnjkojbngjeijkpoodhdippj,,no,
hknbdfoajkapkngaenmalkhfmhlffkoj,,no,
hkolkhhlchbbjpdhjehgagfflnhkochm,,no,
hlalnpjfldpnpjieomgjbmgciacpfnjh,,no,
hlanbddhdaadlfnlocekcpgflibaaodp,,no,
hlfbkeahhbbfkmpcmiogjepcogkmjkfo,,no,
hlfgpniphbabdcolhmimeoohhlpklpjo,,no,
hlgeacmfgefgckhjenodpopoggkgnpff,,no,
hlgmbebfkegbeeikdnligipolddennlj,,no,
hlgmlknmjbjbiddiijkkggokenjabgaj,,no,
hlihhjmofodfndfnpjlcabdaimecephb,https://makechrometextblack.com/privacy,yes,
hlkfbiaphhmngdlcfgfagfjicbadomnj,,no,
hllbagncpmengihmigbedbjmmjmopcom,,no,
hlpbbeemldobloakmkadmojhhoopkelc,,no,
hmanabkkmjohmoedpiomdgdknpdjhphi,,no,
hmbojgkiefpkagneocidllhpdlbhjhgo,,no,
hmeabjadpcjiahgfciomgocgjpoaiohl,,no,
hmflchfhdajepppgdkkhimnkkaknfadn,,no,
hmflfljdnefenjjemocfnjachblenmdk,,no,
hmoojlpmmpfcpehheagnhdjkoidfegjn,,no,
hnbbdjcnclniahfhllmpllbffjmmhfan,,no,
hnbpfpmbijbbohppfemaiifcmgbdkjji,,no,
hnhpnlpakphddlifjilodnoidldpcgpo,,no,
hnjobngndgbfglcncopdblfeibljoppn,,no,
hnnjgcmflbfehnobdbppfjobccdgbcan,,no,
hnopjdlbidclmnomnahajmhadkniggeo,,no,
hnpbihopekcfccgjllogfklbcppmkijn,,no,
hnpfmdcikobhnikegjfejammniiocfdc,,no,
hocljnodlajdphdheichdhanfeigkkei,,no,
hoddmifmbmphplnhpiikejlmadfndfnd,,no,
hogmohhpielghallgbeemfnbdkfhigmg,,no,
hokakefbcahpibbmlpjcgeiecpikddla,,no,
hokdangfpmjldnhhnhcohmobiclbjeli,,no,
holgphlekchhoaafobnodhnigkiahccb,,no,
hpekpgomdodcnelhamnohiolaeoflmkj,,no,
hpjbdcfdaogjeoabgbomcbafpeldnkfn,,no,
hplmgcbileifdjfahjdmpjclbkmgdhic,,no,
hplonehjndoieigklnhhfgppncmiloba,,no,
hpmbccepehpoanjpjkamfdpdkbmfmhek,,no,
hpmolahefgjbmidmoifolgpjkmhdmalf,,no,
hpodoldnpoedenhjddgjjpjcmmamkadf,,no,
hppfcdikmhebgellggjoaknemjcemmjj,,no,
hppifcphakilafjapcopckmeigdmmpef,,no,
iaaokpnmjdbbopfdbelhfckjbkcohcik,,no,
iabbebambhefnlkoiahlmjmmkamflpjp,,no,
iabmfgocbkjimgoemlobdmljomdilini,https://gameograf.com/privacy-policy/,no,
iadcbjaadmhapbebocgahjkloagomaml,,no,
iadobhlclkhlgmalkjlddclpjefnpijn,,no,
iajlblkjamdjjbodagapmjbgaefahefi,,no,
iakflbnbidccfbpmemfbdmgghbngeoka,,no,
iamjmcdiipgnebfjjiogdhmeldegeapi,,no,
ianfhkplahlcagddabmiiicikhipdmgn,,no,
ibamcdbhdohmndghmidginmpggcjmeob,,no,
ibflpbiobknlkcjonecabnehipmdgdni,,no,
ibhndpakapcbhhahmodjhfkbfmnkneaj,,no,
iblgdofhffoamgcmiflnaefbkigihbil,unknown,unknown,item_not_available
iblnecafeggmlnnehoakpklajnjofhla,,no,
ibofdlnmieodappidajpeamlpdagkjca,,no,
icecgkplibdmpiifcdjkfhhfljibglak,,no,
icepjpjnmelmndldjdphenipdkiknboo,,no,
icfgijggcagcnmgdniedpffoahiedlmk,,no,
iciiappebneomgmgcapejongaeegdehn,,no,
icnjogjkmpkbeokkblkgadigngeabkbg,,no,
idfdekongkmcaelokgombalfljcdnpob,,no,
idjpialjegdocbjjelpnlkdhdefbkghe,,no,
idohcdmcojdhphkgdmdlglkdpghiacno,,no,
ieajbphanmkkackinhanpkmgmejcidmh,,no,
iedjdjfkkmijamdanmmpgilhefambpld,,no,
ieeflgjckpglbodjgefedccgbmnmfedi,,no,
iefmcbandkegenedffmjefjjnccohnke,,no,
iegkhidppjcmnooegggghigloafhndlm,,no,
ieimhjhpmbljkijddbifblimkblfkicn,,no,
iejcljckjjompconbjpngmkpokchccof,,no,
iejhahpepkdgkgcniepkbnipfmoklijp,,no,
iejlcgplmlmpefphkgilebaipfhhkpeg,,no,
iejllphclkdidjkblfajboaakifdcmkp,,no,
ielddhaganlfljfgoieccdiocpekhnki,,no,
ielkimbommhhmcdnhdiiglgddfllneei,,no,
ifabfmmpjpohdkejlpbcpheellingeid,,no,
iffnacikcgjlndahdgnckeekdefoafbn,,no,
ifgadbmlphepdihenbagfbbnnhhococo,,no,
ifhgahdbjkbecfkfgapjhkiagjgahilb,,no,
ifhnogbhlpkfonpnajdkjnfelikmnfmg,,no,
ifkhcijdhdpnlaomffaadfcieijfjnbg,,no,
iflafgnimmkkhelaeejdghndpmfeeckf,,no,
ifmbgfdhanpgfmbokidbjoibfncfmchp,,no,
igaciglbekobidklgklaejjkoefpcdgf,,no,
iganelcpjdcmimdnkkombchnkaekbmdf,,no,
igcgkjagbnfhjokmklbenkkfgmfalino,,no,
igcnjkjlhaeefabcikhjlngmbnknnpef,,no,
igegmcgjejildeifkifnbgkiafpjmkhg,,no,
igfbpllclcmancbnealmnebjhjnnjloj,,no,
igidaoadelidhgkccbpcicdogpphonma,,no,
igmaiemjikkfbhebpgbneadcfohiephn,,no,
ihaojfkjmjaihbjnfeebcdgbjmhflbkp,,no,
ihbfpccmohbenofpfflgecfiofkpbafj,,no,
ihcldkmdejkonbejggdlpomgnhnpolnh,,no,
ihcleanhlnbbgodmgjcjoklpeckmhaop,,no,
ihdcgdgcgllpfncococjlniccldjglcl,,no,
ihdobppgelceaoeojmhpmbnaljhhmhlc,,no,
ihfknmffbpkekalmdmmklkckidckcafj,,no,
ihjahienglgbjemobjnceaghhkifkncf,,no,
ihkahonemdakgeolnfemflljeopokgni,unknown,unknown,item_not_available
ihllodenmacoepgnaoalmdengikldpdd,,no,
ihnfodlbkhgjnbheemjhkjfkfglgbdgc,,no,
ihodoehnbmipgjckbcdbloomoeolnolj,,no,
iibjpaihhbdpicdgckhbikknalgeekph,,no,
iieipaakoflfijmpbjdoicmhgafhmgme,,no,
iigmgfbnckibpeifaffmokjbenihnkgh,,no,
iijmacikokinanaecobfhhbefclnncic,,no,
ijbfnmlhgeobolnmmkknmddhaompgapi,,no,
ijclodpoahekoenejdggfgikjolceick,,no,
ijefbccbihnngpkbempofllhnmagjimk,,no,
ijfcaafpbeemnggodpdfiplmclcdbcah,,no,
ijhciodjlmmpnojhdcdfedalpbamaenf,,no,
ijimonbmilhaeibicdpnjelkeffldagp,,no,
ijkmnlpnjbkomokbkpialahlgnbmblko,,no,
ijoafhelfobaolnedhiodaabegddcale,,no,
ijoiipbadkppcbjgdmoocehoodbnadih,,no,
ikacefikkoghpebjlodipbglchgkofbk,,no,
ikemgfjooinkecmeckmfkdjldjdjhleg,,no,
ikfbhhnpkllgglnbfnkldfbfghmjmgpc,,no,
ikgjoamcghndkhllakdjhppmcogblemi,,no,
ikgkldbiobecknlfakilmcnndenfbkmi,,no,
ikmjckehjgajdkaningmcbmdpefbiogb,,no,
ikomfplpnjpgadddeadfmplmdmcafogm,,no,
ilbglnhkehmgcckddnggjonlnagojjkn,,no,
ilbijmhmbiamkbbkjhcpdgeapmkpkddh,,no,
ilcndgnlkiodbcpcgjkfihjponbenmem,,no,
ilgijoelgnhbafnhfickofkmcmkoaedi,,no,
ilmjbhgdeaaiidoaghmdiinidhmcigom,,no,
ilngbocobgaemijmabhddjbeidhncaco,,no,
iloalfhfgoooalgimfodlbdfhabafcpa,,no,
imaplmdkkoiefpiipndmhpaoejmoidfc,,no,
imccmfhaenmcejglcjfficgfbhcbapll,unknown,unknown,item_not_available
imdmkobhjbljpipaidddcgmhfoiphmie,,no,
imiiidbggoneamncnohgjieoeoeaafkc,,no,
iminapemlncanmmaadedieifgkaeoljm,,no,
imjmecbbffjojfjlpjhdinmhlikgmnmc,,no,
imkcmjlglmhkhadcpjmiikopiembnnop,,no,
imkldhkinjidnjmgjlklghjbjnmmiiom,,no,
imkplfflfofmmhdnjkneamacecnklinb,,no,
immiiggjkhdlcndoaocnmjhappbokokd,,no,
imohhjdbajiihdogpnphgbocfodbofip,,no,
inbbehijefkifapcjmimbgecchkmbmgn,,no,
inddcdpfichmccdkokfnibnekmiflled,,no,
inhofolobiipleofgefigcajcnpjajcd,,no,
injdhabbnkaocehlomocfejkofnboamk,,no,
inlhfgmlpahnpcogodopbgehggbflopg,unknown,unknown,item_not_available
inmbomccopoeohiapijcnjmpjhogabdh,,no,
iobjmgojenedagiebkecldbpgimlchje,,no,
ioiikdblnlmdmjbdpejfmcifagieocgg,,no,
iopcdonoibgnjbklepancdmhcfjbbadg,,no,
ipcapmkngkbelgfmejfemhpgepelpdog,,no,
iphhdhohbfffpgbaincgebbmdghimbmj,,no,
ipkemajponfabehciogjjjlgbghkmbbd,,no,
iplcamipoembdjeffeikgpalekkmbieg,,no,
ipljneddkdomcnolneamheieimblipli,,no,
ipmihjijikhlbkihpcjbahbfpnlbihmk,,no,
ipmkmolbefigbbfncmnjcnpeljjkbkab,,no,
ipnkbejlheoahobiajoggdhbmhnjhafl,,no,
jabeaebfanbjhojjpfbneejeahodcagf,,no,
jagfhkfcmcjpdilgfjaojngeefhjfmag,,no,
jagnjjaohdhpknepnjjndnjogpclemlj,,no,
japbokljkfkddppajmijhmmgnmmcflem,,no,
japkamcclihkgmfbpebnmboaflbhlffi,,no,
jbcoeoeidonobjgbodaikkciheddaefb,,no,
jbdcojpffbjpclalhalbilolnbenphmb,unknown,unknown,item_not_available
jbfaabmhpholbikmmgimfaabndonejpk,,no,
jbhhcgkgbjpkokniomdpiimmjocjklic,,no,
jblpfnplbcahpljdogjlamindcelmmej,unknown,unknown,item_not_available
jbngmfodgionpmhjfaaeogfhkimpngil,,no,
jbnlnanmedondainldejoniamngoammd,,no,
jcdkiegppepncmpgflpgcfemchlpdnae,,no,
jcegedlcpllckmkbogipbjendikabdpl,,no,
jcgfgfopfnedlnnifkmbkefjcgccokhg,,no,
jciclpfeihkmjkcncncjchibjhbadedp,,no,
jcllfajeabgppbcmhcjmpcmmlncpplja,,no,
jcmfnmlohblpkgmmldnmbcolmminmikn,,no,
jdbmjpfgbocbgjhfknmgioogalhabhbp,,no,
jdgmbhgcbflbdelabfengdidkjnihhfn,,no,
jdgobmepjpcgfcjmocndbbhhigogafak,,no,
jdjjkepfphfeppffjbdaofnoenganlfc,,no,
jdoimndidjfonokcibpabjpoimbnhkbn,,no,
jdoooeijjndaoiicjamalbkdkbeeibdb,,no,
jebpiheflphhhophpbbldbeoolpclkpc,,no,
jedgecadkloldjeeodckonmbkccfbnhi,,no,
jeelobjbpeimpnpefmemddenhdgegmld,,no,
jefgfpgifcbadghfohmjpnokhjcagpib,,no,
jegjeaelpabneacnegnmbgpidlinkhbh,,no,
jeidiljfhdalmjpddoenjnfmlgfkbecf,,no,
jeiijnmjjfnjnddcgheafdjccdmapdaa,,no,
jekfojgbphcpdhcinmgacgdmpoddfpnl,,no,
jenkhbpengfpmapeiaeljlfigedmpcml,,no,
jepminnlebllinfmkhfbkpckogoiefpd,,no,
jfbpccdjcglhekijofadfaljkhobikjk,,no,
jffpdldabgdnlabhpcnglofiganjknom,,no,
jfhejedcpnjiogeeiadgngncejkfomln,unknown,unknown,item_not_available
jficgnndiajcpkhdcfjaipdeilogholk,,no,
jfkmdepogoohiombfhmeoogecjhlajbl,,no,
jfnpepkflmeohhpchbemagehkibgpjng,,no,
jfobppjfhpgfaejakpfcaonahocjaepk,,no,
jfoencjkgihkcpkjndpondkbpflgaoan,,no,
jgabbehjfmeolkgoafbmpimpaeajocmm,,no,
jgcfgcdociopaedpeiacalnccfiaeeej,,no,
jggcfbenponjpgcbmfbbkeaabngmccfc,,no,
jggppeeikceikjclkejhbidgnoanmili,,no,
jhbdjdfjebflcoajbgefnpppfdbfbmnn,unknown,unknown,item_not_available
jhcjghbdpmjmbnilhlgapfbkaepgnokl,,no,
jhdbabckpbaciagcgcmldhnnmmflikii,,no,
jhjoppnlilameejonbddndmhganpbmeg,,no,
jhkehpmehjcajejeinokgejmndnlopol,,no,
jhkpchaepgineodgjijlnmncokgmplgk,,no,
jhmbnfbmelaccllflkhjjifedekapdbj,,no,
jhmecpjngghgimacbfbajlpmcimnfihl,,no,
jhmhfannecjdpedclmogajompacjmgga,,no,
jhmhmloeffacmnhpphckhggpemegpoea,,no,
jicedomgelcpaiifmefhgfnlanogajfc,,no,
jifgcedodfgnocdnkkmanadoghicgkea,,no,
jifgjcdbkkfdofpbfohggjcldemikljp,,no,
jikbapnldlagjeghbghipabcimjmmekg,,no,
jiknegiolkopmdckbhhifhpplnhbcdpg,,no,
jimdpjnaogeoglikhmljidgdgkopkodm,,no,
jineakgmnjohbdfcjbobkjibgkafadga,,no,
jiokfpijpamdffjfocnlednnhkkekjle,,no,
jiphjfgegfhcophdoacldbcpakmoacnc,,no,
jjfjpieggojjdkbddnlmogonpgmdhehj,,no,
jjgkfhljjohoiljkeepbaghaenmmmaaf,,no,
jjhdaoppcengemgjjaccioikanoodeol,,no,
jjhnglgdlclbaininiioidfgjocgppgj,,no,
jjighihnmohamecmcgaacpanpicjpjkj,,no,
jjigklkemhkpofjhmpmalfaggpifhpll,,no,
jjkjnaplloekhjdcimchaajgficppkgg,,no,
jjknlnihcjeefjgdacaanbiedamibimp,,no,
jjlelcbogfjnakocefbdcgdlacagidjh,,no,
jjmjickedeooblgpimknfghpfffncfhb,,no,
jjoeangcahiikahpojfcnjdhgabaidhl,,no,
jkbhafigecmebojhchcnmnlikicajoil,,no,
jkclfjpmbcenbmmheenahiglgkefekim,,no,
jkdfjnpeecfgfabfdpaamcobgidhpiia,,no,
jkdfmadfbjdmfljdfckhcbncdnknhadp,,no,
jkgepodgcnfhokkahepnbbeeghooopek,https://www.youtubetimestamp.com/privacy,yes,
jkiaadcnndeojpoddkogfldahmlhbeik,,no,
jkjclajejdkihhaepofcicdiifmjbhdf,,no,
jkjdpfiepgoledeibnbklbplgomneala,,no,
jkjeakdbdnehkppchcihjkedjodjanmn,,no,
jkjicnlilbinegfppjepafdnbdockkdi,,no,
jkkmcdjaekjbfblfocggjbfbhagpabad,,no,
jkmgjlkpepnckgffpfemfajanjmgfiki,,no,
jkobjbohnkldeliifeaalbbfhhhcfjhj,,no,
jkohnpfocfllikbgkfdcghgjgejcfhjb,,no,
jldghaigppememfjflbfibnmlpbdplch,,no,
jledjofioaknfcccapjlgkgifngffoaf,,no,
jlggfapgjfmdbmnkgpbnfcbefpbofppk,,no,
jlngjglcdgjbadccclgcgkjnhebgeghm,,no,
jlnjaojjcpnoiafddjohandllhdfimka,,no,
jlnmoopjagphjphnjcckdlphnbjmppjj,,no,
jmabhipanfkmoegfpgfhghhegmccebkl,,no,
jmandnadineideoebcmaekgaccoagnki,,no,
jmfdndcpmggaofkphhkggbehdheaohcc,,no,
jmhnnnlnpbdbofokkfklccimiffffigo,,no,
jmiefjabadhmgclehbhbbljabiophepg,,no,
jmkjhhpbcojhcaoloipdfhciipapidim,,no,
jmkjlhklikjgdpomdafddllblpmceila,,no,
jmomepcgehgfoimapeoinphcloinjfpb,,no,
jmpnonghnooannlmnfmdifefblfmnhlk,,no,
jnackadbafdgahcamdegljmjckfnppoi,,no,
jndaeclndfkfdechphbplcmhhgmikmcf,,no,
jnegjbgopekhbdejbikdmkicpoollplh,,no,
jnhjipdgfklgankjpdeejfhnoldcnboa,,no,
jniahojkplpgpnkollnemeianmnadpid,,no,
jnjfeinjfmenlddahdjdmgpbokiacbbb,,no,
jnlidjmljocgjaapbnmfjbkcmghmogkd,,no,
jnmabcpplkemmnlcpinffgmceenfjknd,,no,
jnnablnpeedipmehhjfpkhgifbjjbjim,,no,
jnojmokccdjhgdlooimgahngcmdfpinf,,no,
jobaogkniljglmfdoocbdhknhpjlkhhn,,no,
jocjidmokopimmpngmmfabdhmmphheej,,no,
joehpdpocmgpilgmejkjjfiapdianmbf,,no,
joeincckgjkaocclboepjkigbpgledbh,,no,
jofbdjkhbcifkbbikllebdbpaddmlljg,,no,
jofpmocniekfifgfglfmocjljeidgcfo,,no,
jokmnalkdbmbjehcjjnhmeibpfcblddm,,no,
jolgddmdobeeacpcgaigjjkpfjjbnbmg,,no,
jomdcljbebhocheinfmkakgobbneconk,,no,
jopggijkhncommjkmgibdonhaliofgnd,,no,
jopkcaadgblehjgpjojcepnpjfcnpbnb,,no,
jpbhkpmjeoppbpcfclbgjpmjmegjahhh,,no,
jpealehclhneipfmmmjedklohciigpkl,,no,
jpfgikdcnagblifjoffipnhfgalcjjfn,,no,
jpfnhabiefmgeioahejmplhhcpfpbpcf,,no,
jpinkefldlhajdfpdcgilmabhkdhjkko,,no,
jpjgegoiemdppcgplpgioijemnagimnf,,no,
jpjobcbmcckkhcfdplgbmmjnpfghggjj,,no,
kafbpcfmnhgcohkmhipanidcelgjfppl,,no,
kaghngmilpfldnfdmeppcicpcmeegagj,,no,
kahjgdccepablnejjpbckalicmlgbnpl,,no,
kahldfgoppclgaecgiadodaohhebboai,,no,
kaihflgfdkachealflfmejigjmdfocmn,,no,
kakgfkoiappmigmggdhmfnhonamemmji,,no,
kaknlbipgndgehkpbmneogjaiandmpao,,no,
kalamcjgjbeknippjogppeoedgbndhjp,,no,
kalnbljcnmkichhigmbaejmbpnffjfma,,no,
kbamhjpmhlnjpmefbljmjcmmamnhhofn,,no,
kbapbcdecaljefomddegdjileplkhdik,,no,
kbbkjmjhjohjoffmknglolhflpadaigj,,no,
kbdifklpnfppfklicohpmhallhlddoem,,no,
kbdigfmfkgkdochfbacffcdoioofaeca,,no,
kbdngfhhepjodhilpfmnfbfiogachdkp,,no,
kbgbhfddpjpcfihgaphgbioaemjpejdi,,no,
kbggmalfljpoiagjjkbakcagcnlhjjcf,,no,
kbidnnhinbihmpggddnoleippippjejg,,no,
kbkdaaepcfgfoeoddijiceakomkhchlp,,no,
kbldnmdfhgbjgmgekmjcgiojlaofooha,,no,
kbofadpjjanpppcfbjijlijmoekfpbod,,no,
kbpkaddpnogikphlebakeagnokfjnmio,,no,
kbppjojlcdclkaihikkpdebponagjlik,,no,
kcabmnaniedbimdimdogibamnafkfgnc,,no,
kcdfjmmaoolkgbbhmchbgpibgoiibnlp,unknown,unknown,item_not_available
kcdlihaidnmkenhlnofkjfoachidbnif,,no,
kceebmbipfdfmgnenoemahpfgplnheil,,no,
kcijmhhfdhifondpcignkfnmeldgdodf,,no,
kckcclppndecjoommdljpmpkpgciedna,,no,
kckonpcdimdadcgoigmbooafmclgjnjp,,no,
kcnedhlgjbnfoenchlnjjakomgphcnom,unknown,unknown,item_not_available
kcpnhkpnkfocmaoikmcggphepdajijep,,no,
kdaldggnglfkmiogfdkaglmidfnaaccn,,no,
kdapgdldbjkdfogldfoobfgooknpcdlf,,no,
kdepppijlhacmnhibplnmalocabijlml,,no,
kdhfoajcfagnpnnighahflihpokjfgim,,no,
kdhhklehajmcdojmehdieoemkakpmpma,,no,
kdjapckjnemaaifdejjajobdegiilbfk,,no,
kdlpkklcmkobdngmmglhdbogibklfepb,,no,
keaokipoopneoidoofajmbimihpkijnj,,no,
kefmeiobphjippfbcohimhininonjbbb,,no,
kegflpkghbkfagpjiaabeplpgfjfldjp,,no,
kegljohlmicgajfgfpkolnfmbcelkbca,,no,
kfeagefjmmlhojmjghmhgbiofijhkhmh,,no,
kfeajncmldifdopobhjlgbhilblhbekd,,no,
kfgkcpcagbflnecejofneecfbcnodboh,,no,
kfkpkhlpojapbfdhpdjmkkejkimmjfla,,no,
kflhkkoajnfaomlbkmojmpbccmajeipf,,no,
kflpmanjegmogkpdchfaeffmjoeihdip,,no,
kfpnlpjmdbjnkfhpildgjcghkhnndddc,,no,
kgbclalpeifjppmoefloadfelmpohpgm,,no,
kgbmhmgpjidipkgdaalkabcjcafddipo,,no,
kgdkglomenelkegnmhoocgnoojgljmlh,,no,
kgedphocnonmdjgnnhkljfgmhdnabgho,,no,
kgfecdionnddbhjfeanngjbpnnglnpho,,no,
kgjaonfofdceocnfchgbihihpijlpgpk,,no,
kgkaabedglfpocbpickbflcoejmmbeak,,no,
kglmikanidekkinondpmaekpcjlcfcjj,,no,
kgncnliblcnnoebdlmdgfemcdhnbhnbb,,no,
kgogeehdpfenaklmnncjjmdampnnehop,,no,
khbimiljkjbgnphmpeoimkppidmgnelb,,no,
khcboaanpomknchkcbkppempopgkfabi,,no,
khefehkjneapifpaledeghoelemhciid,,no,
khjcmbmhaodgehmdeeohgeipjjeinnnm,,no,
khjdijdiiammcnjhiepadhpemipnghhh,,no,
khjkogmgdpjohkcjfcdbnnjiefeeadge,,no,
khkllbpcfpjmohoegacondmdhiomonlk,,no,
khnhekobglmdobbgifkfmokhaplcpkje,,no,
kholnjecniiihlhmjkkeljpggajajljo,unknown,unknown,item_not_available
kibfcohkcoeamcdncgmgaibbbdcdpdje,,no,
kiegpjnfafpoafnlkgedaaoncgkkbhoa,,no,
kiflolekbknkooohfkbjiipilmkanigf,,no,
kinkmakfejpmbipjahjdadabjcjholdg,,no,
kipdafdejjahejggkcklhnmmmmihenie,,no,
kjelfjcdcaomgeccpgbpipjdcdjohelb,,no,
kjheknompfelomdgfloikfbnjmaiflfe,,no,
kkclafcgallpoabnikcmdndheichkeck,,no,
kkgmmlflilcfcogmfpnhakfamdkdcbpl,,no,
kkhblohjgionippfdmmocmjcpjogpgnd,,no,
kkkciickjhdffaionllgnndmecaenpej,,no,
kkodngiddpcdnnemabchgodnbegocaei,,no,
kkpdgbbiodlminjkkmffmnmeamhffoea,,no,
klbmplgikhgehdagidljfedohbhmpckk,,no,
kldgkdmegdmffpbkbbcjdipfgcfdpokk,,no,
klfbmpnjndlflnnkmmdcffkinjjdeboi,,no,
klgbcckheikhkhmklfbdbnhkmmpbmjce,,no,
klhckimdldmknfammlmimlmhbeigfgob,,no,
klmphhlmjloaggkkkglfmhkamkjeinod,,no,
klnoeldpejhjnbgbjnnegmilcnhhcnjf,,no,
kmcafcdkbbclmnmponmhjiabhplkafjn,,no,
kmdmifjfhkedajogkhkhmcfeilombahh,,no,
kmdnhfmoeknejmimcfkgmphchpmpfdej,,no,
kmkhjmgjadnmjacbmpnbjjblhdejkkdo,,no,
kmlkaemdlaglfimadmpglcmoaknpghpe,,no,
knanacnclidfnjffodfhnnpkeflicaoh,,no,
kndppbkgkhlpekbabffjbkeicbhonefi,,no,
kneifbjpkapbfdhhcdmbhgipolbbnbeh,,no,
knhikdadkhbcenfbalbjimgbgimogdia,,no,
knjcnfkmbgdnfcbbplogjmdejkdlmkoi,,no,
knlfpjjcciifonjmpdgbcdpofogfhfim,,no,
koafigpkecfmlgbkjmbhdldnjhiokjhf,,no,
kodlabmmaalpolkfolgpahbjehalecki,,no,
kofifkdfnmaaolbcpijnmpihdboaeejm,,no,
kohioonehhfdggidjcpifjagdcjlkkfb,,no,
koihbopmpbfobhcecefalmgbcjnflcic,,no,
koligimnamjdjokcgnfbapjeafcddghn,,no,
konhmaiejijllanjijgbimppcpjpmofa,,no,
konimfgdodgehhgnbjoomfcganfeojma,,no,
konmkiphhbdcjllognfefnioonhfonil,,no,
koplhbgfkniplejmgfaabolbepcbgnki,,no,
kpbeibgbiefdcjjehojnoacolleigplf,,no,
kpebmcmclkkjnflofoaclgjpkfjlnkkb,,no,
kpepileljkkipkhclnncjmlbcomgflop,,no,
kpfbmljlicamonhgibcnakffokcgigjd,,no,
kpficnopciffopkhjpckhkgmnlakcmig,,no,
kphafelkgpaoljaobkjfinnhnbmecjoo,,no,
kpiamcgnkjgaindnjbceacpoepbfebok,,no,
kpjjailkingpdebjmjkdmaopodfhihhg,,no,
kplgoojkpoadlocognfelfgnbeokldpm,,no,
kpnhgdfkccfofkhjbdbaedjghklbcpia,,no,
kpnpnfdmkjbekpoemldnfdaillkceofl,,no,
kppedcbafpmbegmooiahcfhfmjikmjfl,,no,
kppfknkeigddafhfhipfeddpmecjegin,,no,
lacdhhhbmnjeaeibgpojmkpeomnbkoak,,no,
laemmiiajbdeobigdjppjknliiaamefo,,no,
lagdfmhhbnbojhhmpoiokmdinlfijbdp,,no,
lagfgccfpnemkkekoonccjidinipogpd,unknown,unknown,item_not_available
lajhkiaemkaaijdnfjenedhjjiebobbf,,no,
laogkdgmmjhpgkehpaoopbnckcclomdo,,no,
lbabmjkcllmkfbpmdndoolnjeeabknpn,,no,
lbbbnmbnieingdaeiiakfanjoaklheol,,no,
lbdbcgeannnafpfbcoihkehjimcnedgc,,no,
lbhpilckdhbkfbedimdnnobfmpalkkbd,,no,
lbiphohdckjkgjhbeonchmcniffnfaac,,no,
lbjeogibekpoopegkikmbfidalcamigj,,no,
lblnlifhfeemfkadoaknfdnaeolmghpp,,no,
lbmllfdgfdnleknpaplgjpdhhklhgago,,no,
lbnhidkimpmiooooplpbdmlbejkigfbj,,no,
lcdebldipdcbllnhgbjkgdhffmdboifm,,no,
lcedicedaiofiekmenfdknlooghocdhn,,no,
lcgmcflnbjpdbknakibkaonnkjiilhon,,no,
lcjaepcaegbfmappknpidecadlpkimke,,no,
lclmfacdjajnpmommpcjobpbhefhjhkf,,no,
lcodcmmlmimlbgdikjigmflhkppnpolb,,no,
lcoedpbagabpagbmbnodepigopjabaka,,no,
lcpgefhmbimngfchibblepnkpleofjab,,no,
ldaeddcoopajholiafhlfhabcjdfdajf,,no,
ldcbjefiplkmggapdfbpeemhihkgdmik,,no,
ldddhlkkgdipacjfljfjkkfhapkgfjkb,,no,
ldkplbnnilpncpbdkpjohbdklnkkeaaj,,no,
ldkpobbapjoefknbhchlgpkphdbhkjjp,,no,
ldpekgoppbidednhjahikanggkgngbal,,no,
lecffaknkjhfeaodenkbmkldfdfindkg,,no,
leedpmmbobncoipdjocgcbkmogekjkga,,no,
lejobjgkpdfhmchhdaecdkdlepclglaa,,no,
lfacgacihecjimgffkakkefaookbfmfp,,no,
lfaicapinnlmihjjpcffkjejjhhlfkog,,no,
lfddapgchlanafcdffmcbipbejhmkmlo,,no,
lfgedfeaiandeoodjldlhngihdmecjec,,no,
lfgejbipklggolmlfkmopkbjjakiljpg,,no,
lgcfgechhddoaddcpjccggfljaeebgaj,,no,
lgfinaojmhoebfhhdpkiommdbkogbpij,,no,
lggndfmdkollnfikodaddcodcehnihmc,,no,
lghlpnhpjddamfikohlolaleanlmokaf,,no,
lginmdjekbmfginfgaikbpafikgkinle,,no,
lgopopmbcfmojhfmnlbhjhgepclocphh,,no,
lhanfdgfmdefkcicpdkejedielfcbmmj,,no,
lhdcdoeahgaaehndpglhnabjahfoegjn,,no,
lheiopaifnidkhikodbmcmaiomhbapae,,no,
lhfagcodgjiglflidojjacmmiijhofee,,no,
lhggbpikmolpmhkepachhjnkkbmfoidj,,no,
lhikfejdcokifajhdicbjipielcknjkg,,no,
lhokndlilpkmppopkpcmficbacifnnbm,,no,
libognfmblggnngppccfepaghnpbhnpb,,no,
licpphnajmechihcgboomclmecnkboke,,no,
lidhpgaldcamcnmomhddpcjaenkbohpi,,no,
liffohmkdbcnbjnfejdjfoojeicljlck,,no,
lihboebejkheicnehddaaejleopnnhea,,no,
likipagmjdlbkacieldegbjmfbjehahj,,no,
lilbnijffojnnfjfdiihgbpjifnkemnc,,no,
lilialpmcphodcmpnnlokmdidjeoijlo,https://michipee.xrea.jp/wordpress/privacy-policy-ja.html,no,
limoakllbnddceginbbcdphapjlabpjf,,no,
liofpmaponfcgdnegaegnljoikbabfbm,,no,
ljcaaaocccoahbmnblpmpgnccocidbjn,,no,
ljcijonihieembnpgmoofkbbniogkjnk,,no,
ljcjcpoekafofkbmdkmapjgilgnomlho,,no,
ljejdnkmfbojgihmkinlmkajebcpkmjh,,no,
ljgaiedhmdfibdpilgpglddemlbedmhh,,no,
ljgklnaofelbcnegjniagpmjknkmaiom,,no,
ljijfflodcoklbdnhbjhladgnbnjcena,,no,
ljjbjcmfegpabnmoekocianedfbiocnn,,no,
ljjgecmddabckpkckcmeicejgbimngjn,,no,
ljkcalmkijnhjefncgnpiekdfenonklf,,no,
ljlbonchpiimimadidbcofkloddfmmfh,,no,
ljmlaieabbelajodndkdjoppakodcmcp,,no,
ljojhkcpnplfdbpjnajenkfkpedjdcec,,no,
ljpmfgpngdinchgfehpjeidpaanfiapj,,no,
lkapjfhemdhofigdmdcjpfpipcidhkcj,,no,
lkcampbojgmgobcfinlkgkodlnlpjieb,,no,
lkfcnjmgmphlbakoinjidjhcenokblbo,,no,
lkibphdbopcdcfomnndjligfojokdklk,,no,
lkneimjbimaaogbfdiopojafdgcfeaff,,no,
lkpjooabhleilckgidpbkeanknnnigco,,no,
llbpkdnapimmmjeedompmliblpgaaedi,,no,
llcbhdnoliggdbnlcecccidclmdllcam,unknown,unknown,item_not_available
llcdhkifjccomnbldmapjdeoaopnalfh,,no,
lldiljmpabinlhbkbhgeffpplidfdlko,,no,
llfmcfkmggbmgglpmfkapndbljemeiki,unknown,unknown,item_not_available
llhbnhcohaafcccaccocjjeljepecdec,,no,
llkhjnndfjikegllnkaiflnmhemnnefj,,no,
llmjghdjabigcabkpihknieddbaibopk,unknown,unknown,item_not_available
llodndfoebegiofglahhnjjmnmbneifh,,no,
lmblipghbglmhgfmicbhjnlmhhlbhbgf,,no,
lmdlejimkgcjijaphmafldghldplolgd,,no,
lmfaocfdcnppfiefhpjkapchlodkgfmi,,no,
lmflmanhhmlopkldcmaoehlbjljbdbpj,,no,
lmhkmmkefopogbadhkfcaccjnaihajbh,,no,
lmlbgcocdepnadncoenbnedkibgolnek,,no,
lnekenhoohbaabehbbkcpfjbpbjmfoog,,no,
lnenianmjfimipkiabmjckoagcdkebfb,,no,
lnigmmbhaglhdghgjnlilbgcgeknbhhm,,no,
lnjhejeeolakickfabfmnhgedbhlfmld,,no,
lnmommpignhnjojddnjhjjceileiaegm,,no,
lnonbfhecgilhlicfgccdhhbibmiondp,,no,
lnoonlbpdaahobpdpdbccnjodeapdelb,,no,
lnpmajkeelelndcfjaaajpppefpjndoe,,no,
loakjddodapechhbbfllclddgeccbmkl,,no,
lojlblkedjlaijfhjcnfgcgbkbeihfbj,,no,
lomboamfnnahaomjkejjmlkpdookanme,,no,
loncjhppkgflimgjnimnjhkeooojfenh,,no,
lopnldooljiogciciebjfdhbppegnlfi,,no,
lpcbpopojgklogbnfjkaincmmbamonad,,no,
lpdechalfliclkjngaphhglocagndbel,,no,
lpdhjianjoahdojeaidmfpcpgjeplamf,,no,
lpeigdbjiekclnmipklmijjgkcghloog,,no,
lpghbigllmnjajdideiibhpogggddeof,unknown,unknown,item_not_available
lpjacklnampodfaglpeanebahiaapchk,,no,
lpjpnhjhnabnoljnfhlkakkligcfpgch,,no,
lppipoklpfanamooonolbeencnilnkmn,,no,
maafcaodamkhklcfpdgmadkdecaihinp,,no,
maaopodlpppkgkbkfahcfbhmjobfineh,,no,
macdglfdmhbbedmdaeejkdpbgecfpjhc,,no,
maeliibapanbkhhkloheeajbmmalkkhj,,no,
makofbbiphjfeofhhpnheakghannpoof,,no,
malgjkedapomgdnolihjjfbdagghmljb,,no,
malhnbmhpcnonfflkfjglegmjondpmbc,,no,
mamcodnhckmmfhfbobikgcgkladobffn,,no,
managjgonmehpbocidhnoijjalpfphfn,,no,
maopcgomcojnanpjhcjkcfcfflghapch,,no,
maopdonemnbfjkmeghbllmkepkoccadf,,no,
mappgmdhgnmdlfgjblndpjmdbodaiggd,,no,
mbbkknmhhcfmleopndnflnpeflgjfbjd,,no,
mbchgmgbeolfdkefdaiolcblodibmgam,,no,
mbcjcnomlakhkechnbhmfjhnnllpbmlh,,no,
mbfflepkcegcglgohnnejaddeammpjll,,no,
mbflbkmhjjkaaiocodfojlgalkbibann,,no,
mbfldbdpkgecbaifljfjanjpmoipgahb,,no,
mbmknbmpajagofnlcaoajkgammegbblg,,no,
mbncdjodfacdammjbhppeejmilfpdido,,no,
mcaonnlcbpaaphkpjmmkkefhajjilocb,unknown,unknown,item_not_available
mcdgikkgdhfjpoklmedmbffdnhilikjb,,no,
mcfmkbpdmmiajaohhciklgoccjcapboa,,no,
mchmagpjgpfckhojecnngfnneiobagke,,no,
mcmknbahmblahomjfjnommjfmpbfmnhl,,no,
mdcliffkodhjikobibikchbaldiibdgf,,no,
mddnmdkeknkjcakibeachakdhmbgmohc,,no,
mdffoppglcpcnfeiepgpmlgndendknjg,,no,
mdgdmihjmiglbinmeabomolfcaenalhl,,no,
mdmdjbfjhopglpcdjhmedmpdammjebgp,,no,
mdogicnhfnlnmanniijndbllppanfgjo,,no,
mdpmcddiolmbdddllbbgafoppnlojmfn,,no,
medgpnipjmdbmdjeplonjijeemhabakc,,no,
mehiemhhgjkgfanfnphcoencnoephhlb,,no,
mekipefdgdacoicbibojhhjppiiaoidp,,no,
melcjmapbnbppalonglljkadkemjajjf,,no,
mfagpbmhgeaimiopngnimamnghchgiml,,no,
mfbcgcnjpfofddgdhcpleoeljkagalpj,,no,
mfkmmeoikaifnleempjoolgakljiaabe,,no,
mfleflblecopadommjaknbfgklncenlc,,no,
mfpccgpbmpdchnodfnacjgjgdkdldohe,,no,
mgbhenpklhdajfgdgmaflahjckifacki,,no,
mgfcnjdfafedpjfaikgcplamfoehljbd,,no,
mghbjmaddomigmocdoklcemefhlamkdh,,no,
mgliaodiglcihmhbbbhpldjifjffamge,,no,
mgnkkhjjobejlaomcmmpcalnoocojbdd,,no,
mgobhppcmnbddmlmeofgfhdmfkhkjggp,,no,
mhbajdapdopnfhgpoodifpogfjaghaha,,no,
mhbfnllggddpimpppehigmhplldobldf,,no,
mhcjhknfjiehdobdojfofjhccahkbhcd,,no,
mhcpokpcockgepogimmkmaakaohckljf,,no,
mhenbgaodiepchnjjefdjmmppdkilhdc,,no,
mhfnibnpalalbflfbdibmiebkmkkdhkn,,no,
mhfnlbepcmclhlibihlgkiolmjbhhdfa,,no,
mhgbedoblpaiiggnffepjmpcoehpndkk,,no,
mhgklijpgchhgmdcjionakojcjlnfkaj,,no,
mhkojgeamjiiofppplhckhgjppbjlade,,no,
mhmbeebafepcdiajimjbdkoaaajiodha,,no,
mhmifmgbjlccmgelljlileepjfggaanc,,no,
mhnigopfnnmdhbdncegapbafhgemegbo,,no,
miajipjjpdomacnanclnkopfnhnmiohj,,no,
mibbbnmmckhadonlfhmhlflpjghedfnl,,no,
mieeealikhbhonnkaccbmcnfkkpbpcfl,,no,
miipdoobdjndomfgfdbkiibiagnehlog,,no,
mikkdpdgnehomiahhdoilhpfahfijejb,,no,
milniaaoehadeogppececmooiekkjojm,,no,
mipeplimdkiijcfjjkdgkhemfcpoaied,,no,
mipojddikhienkgpinpppjaaadkgmhlg,,no,
mjgahcenmnnmjemjfcakeceiagiegoaa,,no,
mjgllhdldjebjgieneemljfgkjidcled,,no,
mjhcefacnhijilklkippladhcgdjbiho,,no,
mjhibckbnacoeiipmmmceaobbchdodjc,,no,
mjlienibahpgoliehkbdeajdedebiedh,,no,
mjnlfpcnmbjnggbojahieeiblnlfeclf,,no,
mjocbejenmdggfpokkbflepgnjdahkjf,,no,
mjpoahldldgologcikmobaeagbdofpjh,,no,
mkajnobnkglcipndmeeoijandgckfcbk,,no,
mkbnofdoodemclcbcjpgpcdccjhaledi,,no,
mkfgdlfmflhmllciddieiafinmjnmnmj,,no,
mkgihoidhkingbjedacddmfaeiepmafe,,no,
mkhfihfegoneimkbihjlikbbjciokbjm,,no,
mkiiomdckffehnigieeflknajphjfghc,,no,
mkljkedlmcgmifmhdnfdjojdngkonjcm,,no,
mkodbecpabfcefjiaiknabjblicddkem,,no,
mlabicmdhpcbeagjfkginfhbcogoddil,,no,
mlfacdmojdcloolijapaglkbmiinbion,https://banochkin.com/tools/indexer/,no,
mlfnppmbiadaipgbjimleilaogmnfmkk,,no,
mlihpcccijmdmkejmmjinppkjhdkfpnd,,no,
mljbgckihkodnoekkmoeoglgfflakckm,,no,
mlmkhgibkaadhgkbpkmcckbdpfofnldd,,no,
mlnbbhencnonejlhcjhpjoffnibnehnk,,no,
mlnfpopcojnchfnmnbhmjddbaaepcloc,,no,
mlokdahaehcnggceljgligpljlhbgopg,,no,
mmalcnbnaenfnpnjjikflkapjjjkking,,no,
mmbfopaomgcomedmdkijeebpkelhfgja,,no,
mmfngilfgodiakmcmjhgpmimaebkcffc,,no,
mmgplondnjekobonklacmemikcnhklla,,no,
mmijfgnjmocajdjkiimdbmaekdpohpmp,,no,
mmjhimekcciomdafkiohkakfdppofcnk,,no,
mmkjjbnddbalobjkamjdhndnmlanpaek,,no,
mmlmfjhmonkocbjadbfplnigmagldckm,,no,
mmnniocnikdhepjlkbkilecdfpaemjcl,,no,
mnbejbohadegjdncjghiafbbdbkpnpla,,no,
mngnhjpikpkamdoololeofhfalembkkj,,no,
mnhdcngdkimhejdmhihhncebpanbccil,,no,
mnhlfdmnidencgdamhafdmlmhmokjkmb,,no,
moaedogibndgceeebglmnilboinhmnjj,,no,
modmloijgpkddejbkmdnlcachlpmmjmm,,no,
moihljajjpancfmbppkippkgklaobfif,,no,
mojcniabpmhhapbnighmfpfniacnhdli,,no,
momeonbdhfiamhnpjmgdmnkommfdlfhh,,no,
mpakcfffgfdkidklcagnkieapaemajgl,,no,
mpbalddjbjfpdiiajogjegmcmgfnncma,,no,
mpfgkkahjjhlfnlglgimcbgjjaifpdch,,no,
mpickfmjfhbaooggodmkhdkfncoipphg,,no,
mpjbfdnbghcbhifafjhfecppnceccnec,,no,
mpkbdbfafepjjlmadbcbgglilnnfkbnb,,no,
mpmpckegfbodchnolfjfabphdlhedpfe,,no,
mpppjflhdibabjghagcoephplcdflcbm,,no,
nadhaiokakdabmikkhbamblflhohkago,,no,
nageaaodmancfbkhklidfjdhahghejle,,no,
nagkcfhjaigeefjgimlfmdppohkpfhhg,,no,
nahnadahlgdmbeggefkgfljehacjmoaa,,no,
nahpekkdfleiajmkkhbackjcfgpnjkaj,,no,
naiddlmfgdbfdgobbldchclgiocjmhpo,,no,
naiofjbaonmbkmkhlldlcijgnimcbake,,no,
nakmndgaejmkmbhmmfjmlidbolcoiidi,,no,
nalnagchlilkgpmcepfgigonhfjkhjhh,,no,
napmmnkfgkanejdiodngoegfoflkkgoo,,no,
nbangedblaifjkghdhfpaanegpjhmapp,,no,
nbcijfgieceeohfjomoagbeioeedijch,https://github.com/syuwa-oisi/youtube-layout-fixer-support/blob/main/PRIVACY.md,no,
nbcjphaldljgkckondlgmifkilpbmgca,,no,
nbeegkbcmmchnnncomjhhmljncmcclfd,,no,
nbfgnijhainhpkccbjgdojlcapkgpdgm,,no,
nbflhjdhpokppngahofkpjgoamnnoffe,,no,
nbgmlhcjfjkbpflgcfemflmcdgegcckj,,no,
nbhknlgokdobneepbgmbfdgebnaglljc,,no,
nbjfcilmndpofckndmcadgfcacadgeak,,no,
nbjkklibacakmpoeaknfjdjjhkpfnijh,,no,
nbmdhcpginhkoncgchdfffppkcgapagn,,no,
nbmkdheakmkdiilbhalcaafckemdkedb,,no,
ncbcjemlgfabkoebboepbofhbmhekion,,no,
ncccnkalnkmkmpjaobeondekghkjpafk,,no,
ncfepldbinkkloalncjckeljpimlgdha,,no,
ncjbgofehjpdhmmmclhkhccjefghfiej,,no,
ncjmfkjddhllibamgedlkaeeepeakdnc,,no,
ncnbpbkmfaidaibcecheeigcbaecgfkc,,no,
ndcakpdbffiemplodohbbbgkbejafjpe,,no,
ndghgkjefigpogjejpcielgjbgkajdgk,,no,
ndjogalcfdigdoalkfhlafhfojlbhnkk,,no,
ndlkghbgdfoefkfjomlaliglnbmhcjbi,unknown,unknown,item_not_available
ndnlacgndaopcdbjiifhcoiflpolahep,,no,
ndodbonnndjnbgjjgkdfdkdpldadgfea,,no,
ndpeicelbblfgclpdmafpanocmfoihap,,no,
nebajcfooaahdlkpgahimfgcofhccjih,,no,
necalegfnacgjphenebhfljkbboapnao,,no,
necnbeaeklhikaffgegelihgnjdndkik,,no,
nedmfpmlgedbhhndedjoegdlbenkijje,,no,
neelgndingildpllpimdimceieehkcac,,no,
nefjpokhnimakpinpohfdjcabeiahkge,,no,
nekkenblceihffpohomaoehikakoogfi,,no,
nemiajfpajligepdjlbcaffjbgdkfnfd,,no,
nenhaiggdhhmgkijadcehllededflmkc,,no,
neodnljehplhageblkohkjicnmmbhngj,,no,
nfaleldbahlmkaodadcjnklomgeefklc,,no,
nfeefcdjlmaoapbgenolnokcbaeleijp,,no,
nffnabkmfaopiabimmoehhmdkaanniek,,no,
nfjchepelbkmfobpahijmoafadhopifd,,no,
nfopdpphghcihgagndbaphdpjfejecec,,no,
ngaedfankjpeiljboojmghplammbjpef,,no,
ngdbnbfchbfgmcodemmklmffllepdoko,,no,
ngfcnpcnjdpmlpopikgjccbbifdboghf,,no,
ngfepgmgkenlaafaapmehkcdmfmeiidd,,no,
nghmpoimhfojjgohfiflkddbpiiaplkp,,no,
ngjlnhmdjcdbdlelfjpadgnpglcbnmfp,,no,
ngkadbcnaakfoacephilppmdbgohhbdj,,no,
ngkibngmjlilbamonnildgegpdciblak,,no,
ngmjbgmjeodmglefjehdpdbamanidipp,,no,
ngmpmjpigceaccddpkoeejmakahopopa,,no,
ngpeddbihllgnelbgifkpdjajmjacgoa,,no,
nhambgngkimdjilbbncfbbogakoljhgm,,no,
nhffdoaofnfacfifekiklgepdealchmc,,no,
nhiafpmkpejoffjannphbadbepacbobl,,no,
nhijclpgmdcbogkphmoeaanfohekfbne,,no,
nhkmnjhhbdfjjjgmconlgohfneeghilm,,no,
nhldfjinnflccgmghbnnbkfnolkiblhp,,no,
nhljaammbnnhmenapcnndajekhaignld,,no,
nhmhhifhehggcdcmjckhdjdmakphaijc,,no,
nhndnagpmlfjpkopfkphjlmmmenkload,,no,
nhokndepcohdmhgpobnbjjbmjiebgocc,,no,
nicbekkmfeobpeaieamfpcgjinhnhgcd,,no,
niddeggaegffgancpopjccbmmhpdfflf,,no,
nieifhbgbmmdaenpmjohimpfnbcmpona,,no,
nifeaobdncccphbgiponfcmokphmgjne,,no,
niicdecmgdpdoifhplddfglmpeaeiigg,,no,
nijddnigbhnhlbkededoejlgalbkfhje,,no,
nijdmjkbdocllddpbocaihfbjbjafdfd,,no,
nijnchafoicbknpabdigjnjmamkjlefn,,no,
nimilnpomamlmmnnmijddgbfhabbokkk,,no,
nioldpiplkfjcdokagnkdljlbckinndn,,no,
njanbcjolilofnmciapgkeadmkeeinco,,no,
njbdhlkoffikneecmkoihhhnfendmfjp,,no,
njcakjandgiinedlgpiffkkmoeooaolk,,no,
njkclaghbhemcjljcaolibmbllbgcjog,,no,
njldnbbheegemaknmnkkgmgmepjiiekd,,no,
njlhflmhklgdpjmgjpmhepebgmikkglk,,no,
nkbcnfpgaeolkchjihhmfdhfkcmbcfdm,,no,
nkcognjmcdeanhedbfcmecjkmghfoomj,,no,
nkdobmfjlognhdcfghmaamagfobcempo,,no,
nkehjonmcnakgajgmnfekkomkdlfiplo,,no,
nkgdhlcnocgjcapmfdhckffcpmfhhboj,,no,
nkicbamffalljlfeejodionliefgfpgn,,no,
nkicjmofoobhmggpkkcikifkbgfjhode,,no,
nkphekhobdpkcgighepohnlejlmikkbm,,no,
nlamkaocnhkimbphgfigilbdnglppblh,,no,
nlbfpkjigdndiodmbopfnmonahjfpdib,,no,
nldkiddohemifnenhinonkopchnadcne,,no,
nlffchipilnpgfnpjleoffodicfapchm,,no,
nlknbhgkfnoolpkoiglilcgaifahmeki,,no,
nmabnfdflkbedckkibcfpijaaiolglad,,no,
nmaignhhbjbgpooeomhbeggbbeompcni,,no,
nmaihbdhdpefdkmokeedlfcggohmecco,,no,
nmdgbjecglgbdhmnkbpgfgmdenmfdodl,,no,
nmgfcianhnhppjbfglmecoglmhlkohmb,,no,
nmgiiedjhjmpocbecgiejnhiedchpkpl,,no,
nmhcniignhpolfdajbbgijllinfdidpo,,no,
nmiapnobcgeomapmnnicehkignddlnna,,no,
nmjgbogmkcnpjfoeehkgfiflbbaongeo,,no,
nmkpbmjmoagfofnoggndphkoggcccjnk,,no,
nmmjhlognnmmgjjkglngienkjjmkbfep,,no,
nmpcaioppehnefacmiflkecjimkhlplo,,no,
nnbnphmhdbcgnekonlgniafbpcpapkep,,no,
nnfjoccckkemloiefbchnbimlmaegpnk,,no,
nnhdomlbpgpmoennhcblngbfjbknnlcn,,no,
nniioilinlifghjdlpdblelalbaolbch,,no,
nnkpophmmphmocdaabfncjlnpomhccle,,no,
nnlbeaconmbdodbimfegijgnmjiiomab,,no,
nnlekldijoehomfgfciodmolohhfkfpm,,no,
nnojgjenfcoikppcpnpdkackhimembkm,,no,
nnpbddimdhgfilklodgmcphiandhjfbk,,no,
nobdiagkeelcndaijbdninbmjkdahggd,,no,
nofojikiejapgndkihpdhgoocmabmmka,,no,
nogbjbbegoehofmnfcchimjdnglnipmn,,no,
nokcoajakfckeiillgbdcgflhdaeikoo,,no,
nokkfeigeiimdbmjfangcilebeginckf,,no,
nomeigadilfjljcalokecaddgdplacgn,,no,
noofglikamogaigajbcpeddpdfkffafo,,no,
noohjbmijhfcoebmlpdbojijbipokinh,,no,
nopcikckogbloibnabekbfgkjkhjbiaj,,no,
npanjobngjknoplhlmofcpnheanmmejf,,no,
npbcghngkjggdpbcfdmjkdhofmcinhdk,,no,
npbmfiplmeimoilhnknoifmgjoejljbm,,no,
npechmobkpappnfgpeefejmjohecclcj,,no,
npfplmfmbflbcffpkpgmhpinemlimnnc,,no,
npgddellbgpbfboehnpmhohpekecfead,,no,
npjdmjbhmhlijajmieepgpdbocemhicb,,no,
npkogfilojpaljkgjjjmablgkioegehk,,no,
nplddfejnlfojlmlegckaepdaikiggij,,no,
nppiekkdiidbhllbflcoekdangapnjld,,no,
oacfegnjcbjipakcnocmpfoelflaeapp,,no,
oacpegaegonlmnobkoeiiegdccgcmpnj,,no,
oaecicbfmchjhfgleciddmpdigcmdpgb,,no,
oafbfnbjohlejdhpljbgedpkdklcclmp,,no,
oagcpgagchhlkdogalfgfgfncpbhidif,,no,
oaidennglpdmoaejlbpjfgackjnifmfd,,no,
oaijildaglmncohkplngdbocgiknocnl,,no,
oajcemihjdjpmjkocdgikhlmlifkkgni,,no,
oajhnbdafbamkfogchkcbmgelomikiak,,no,
oakofmjmcmklmbeddlappgdbkfhnjcam,,no,
oamnlloamoaglcglehlgcbfdegfdaldd,,no,
oamphlifafneikkomfggmcpmkbmfjkdm,,no,
oaofildmfdagenngppcgdgmonboohjil,,no,
obbpiijfdekbeicgkfhdjibfenbjkbli,,no,
obhgpfmjmefcllgmbipacahdhdkkafoc,,no,
obipoomnenjhnjngfhpippheehadoppo,,no,
obmdohlmobgbddegngbohcfigoopmimn,,no,
obnlkmhibimblelaamlebhaelhblgbib,,no,
ocaffchebjbhliddahfdgfojnkbgpnjd,,no,
ocblpbdefbkhpbemgaaifgffnmicehpn,,no,
ocebldpdignlodblgbdkmhidocgkdhph,,no,
ochgncfneelohabojedefmckdalobnke,,no,
ococbajokkaeibkijlgebampjbcbhhec,,no,
oddbjmjgpaofommagnbfednbdifaakfb,,no,
odflmkmidhedjobflglgnahgcdhipmal,,no,
odgdapoocjbhgmojdmppbcjidckbgdfl,,no,
odhehppoocihfbiejakdhdpbgolcolae,,no,
odipoghlpfhoiinjokjicdlkodnbkgke,,no,
odmdaeipfkbbbichpcdhgjhlbkbipnlg,,no,
odopihdkgaacpnmokmappclmehihhoeg,,no,
odphgjmchahagnkmcmdjjjipkpehcdhh,,no,
oeaejgkcpjgcidklphfaljjdiapgpdcl,,no,
oealdmljpmdhmcgeipdnapcdicmpmidg,,no,
oechfihffkaojgpmbnlmmjjakmefnjbj,,no,
oeeinalbokfbkelchgmkpabjohggnppl,,no,
oefljcffldiglfdhgjmkcdmnagnogeol,,no,
oepeoapnglgelaocjjikaafoilefbanf,,no,
ofabncmmfelcfeaijamifgabkjnincei,,no,
ofbceejfcemcnpjkajahcaekecoamkec,,no,
ofbjddalimgkcnopghnaddfpojcnbnpj,,no,
ofdfapdihpbimblbnkmaohfpaljfpbgo,,no,
ofkkcnbmhaodoaehikkibjanliaeffel,,no,
oflocednpepcpkcnknmpkjcblckiijkn,,no,
ofnfjelgmigmaiapjommciadmngeabne,,no,
ofobaelkgcpicbdoabokjlnmdcbjellg,,no,
ofokljogdikmlkopinodgdefdlfdhhjp,,no,
ogaefmfpfcpjjfcklkjcfekcakgieean,,no,
ogcnmngmiabficeolnkcajmjhngmadpd,,no,
ogeabbckkialekikbjgcngaafmbpbafb,,no,
ogeokcffmokfefjbikcnfpodnflcicjg,,no,
ogfhebakocdbenmnkaajmckmbcnnafmm,,no,
oghhkbncagfihmbhgfaedacipkmklhmp,,no,
ogjhbojdpnjecebmbnfbhjfcffmciame,,no,
ohabjapiombgcnckjimpholnimdllben,,no,
ohbmajfcfldjhoajeppjmlidbamapnhl,,no,
ohgeceppgnodakogcboiaojfiboobplh,,no,
ohjldjajheclnholnflcoopclljmkipk,,no,
ohknegobjclnjhfifpchepnpibjieicj,,no,
ohmhbgphjbplnmoflfenimhadficecoo,,no,
oibcaddhdhmogoldfnhidmnmdaioffln,,no,
oicicfphknnlejofccimgloilodopena,,no,
oicpehningafkhigecblendkhdicnhig,,no,
oidckhmhcapggoekanlbdgfckcjccphk,,no,
oidhagalnmbnbmffppadfafabclbglmn,,no,
oifolleoaodknmaihlciallodohegceo,,no,
oigofhhklkcegojglhhlkcpdbcagmlcg,,no,
oikejoklhflemkdocalkhhegcjijpojf,,no,
oindcilahcccmcgjjlkmocoolcffcfnb,,no,
oineppoblchokljpahmmfmfilpgkhgip,,no,
oingjiepfljaaapdpjldlddlffkhcnjd,,no,
oipamkhbdhmedokhjokgepakabbibkbi,,no,
oipbmklalehjgcladkgpknolhmnngjjf,,no,
oipinkhefglinifinekdbanfmblfniao,,no,
ojceidinhfggfmflkligjeaniamehbaj,,no,
ojcembgmpbgdamgblbbfmhofiocippbn,,no,
ojfmalnbighnldmdoligjhmecpapdfbk,,no,
ojicehbikndbgoejigdjhcfccjhapehj,,no,
ojihehfngalmpghicjgbfdmloiifhoce,,no,
ojimaelpdpgfkbnjbfgfaepfmclhnfdn,,no,
ojloocecgihlgjcopbbcpkaefkbeeblj,,no,
ojmkinemgdfbepegpdfgcdeokcniedhf,,no,
ojmmcmoegpnmepjokkdemcgiklaldcld,,no,
ojnkejddngiifnlhelgcllodelbaechm,,no,
okglacjeokmoogmclfofplbjgeedjkfj,,no,
okgodgnjlhldhjlngmiobkidlmajmjio,,no,
okheenhhjihhabojmlpoglhejenlabbm,,no,
okmabakhhabipdiabmfldibhhidochom,,no,
oknahjebakceghihihjnpkdcfgnolmmb,,no,
olajljknjkbbamhjncjpjbclhdkpibfp,,no,
olallgldedknjelaeoohoemhekcpcgao,,no,
olbmmdlchmicolppponihdhclpnhkpdd,,no,
olfnnhhppcoioobgnlbcfchfnagaaapo,,no,
olhopffkikonepgfenepeljnommmbojp,,no,
oliidogkkfjpnfmcimbipkdlndeljmcl,,no,
oljdinmklgpppffglbngcknkaijcklpf,,no,
oljicelplpnognllkonlghcobgpaghnh,,no,
olkghggfejidgafmhapaapjnabmggkco,,no,
olpphccdaechmdoeekpjklfbbnjccoac,,no,
ombblfemmfgbnmbpfdndgkmdgplfcbdl,,no,
ombpeielmlglnbdkdjpieinobhdcaomo,,no,
omcogfcgldfmihfogbffflbocdbjockn,,no,
omdpcpnkcfnpelppgdmfdhkkmbdgdjkc,,no,
omecnfclgipnbmmadnchideacjabmblg,,no,
omgbnloihmkbdoljiefblnikkmghjefd,,no,
omgnlbilaolfpnigpfhnaohfmgjciobo,,no,
omjdmjjegjgnjkchdmhljcbhejemoeoi,,no,
ommhokleloaejdniflelmnckknlhcacn,,no,
ommkgekjlmfchpbfhlkpkkhcdnlgjpnc,,no,
ommnphdgjejjacpmhfblbjiddififpik,,no,
omndnnbickkccegicebjhjgpcoddbpjg,,no,
omnpjineeplffmpgjhmldbhcijaocljg,,no,
omoffmdffkpndldhknlbbnpehjohahea,,no,
omohfhadnbkakganodaofplinheljnbd,,no,
omojcahabhafmagldeheegggbakefhlh,,no,
ondophnolgckjghlooekkkijnngabdfp,,no,
onecgidoemlmeldbflajiamaodkikmmi,,no,
onedokhafbakmhkblnokgjcliehfognj,,no,
onhhmnkghemlcnlglcnjkhebiclbklpl,,no,
oniadjnmbcpmbnelogmfkhcdikaihbgp,,no,
onknbnlmiimhphaeheibhblicapccfnj,,no,
ooeailjmfidcmfkjpcnaphlgiggleipi,,no,
ooffglaojnnngemfbejjibfmjoegmlej,,no,
ookjangbfjicdhanfbkolekaofjkahki,,no,
oolmnbopamkcbjkbajkjhcjjdgfoegmp,,no,
oombkeicdpleambnleodfekfiemajpob,,no,
ooofhcgmofkclefgppgafkoebenphgpb,,no,
ooolgkkldnoknbiglfmbhnjgailmkfbe,,no,
opffmchfkdiakbijipkkadcmoafbledj,,no,
opfkjibfcppglncngcodepliienemigc,,no,
opfldlakdchejpgfnnobnfpakecpiken,,no,
opnpbighlljhhoijphgbccblfmlijedb,,no,
paagjphnidjcdcekdhoelkmjhknfgiad,,no,
pabjjcfclaahehjhkmahojgchcdcjbll,,no,
paffgggkobpjlhgfdgbkddmfnfhokphc,,no,
paflchebahgbgeambpbhoieeanaddehf,,no,
pagpdooccpbmjpgegicegbmecoegipol,,no,
paiaiacljhoakclndaidkkcdcojjhekk,,no,
pailggiacmcibpckacmjjginbigdkdob,,no,
papkjbhkhfomemcekhkheaaimoglkecl,,no,
pbbkipfbgcnmaaglelmajbeildhcjnof,,no,
pbblaammjjihknohnclkfnnkojiijijb,,no,
pbcdgddfihibpabjngddnmnjebcgmchj,,no,
pbcfeekfnkddcpjmlnelbghfemlnehhl,,no,
pbdpidebomolkneocbchgadpbbcnlicd,,no,
pbmaljooopodjdielpbmchpdicninhfl,,no,
pcajpbclogdhncfakjengiepfcnkgkaa,,no,
pcakngkmahdmkkcijkmdlfcigejpfdbe,,no,
pcchccpidpdkknhljgcgdhbjadlciamd,,no,
pciegdhippgcmamcbndimdoeljmdocce,,no,
pcjbbgmepjbhgodpfddfeoekjmhknnlh,,no,
pckknoefffkhpihknpaabgpcdjbjlcep,,no,
pclmenmpcljlioccngfepokpgbgcbgjb,,no,
pdaefogenfkpljnobjodfenjgnkjjpgc,,no,
pddjlnehhomolmmfejibbmfkgijfmagb,,no,
pddkfhneefhblkhpiddmapfbpjihegdo,,no,
pdfagngdmibakjohebgceccihbenjddg,,no,
pdhjgfjoplnddfhgagibjjehjbkfhanl,,no,
pdidkhmibipkalfagphhcjocgblgdehc,,no,
pdklalmginffmdolgamejheopihikail,,no,
pdnnfblnhjhgakieoghboaonljcgmngg,,no,
peomobppmojmkmdgohpepcgcalgoehpl,,no,
pfaekiddgmkkkkghmmmjfaecmkigjoch,https://aakashkiduniya.akashsh0925.workers.dev/LinkExtractorPro/Privacy/,yes,
pfbbpdklmganoljhiceopghgjdmnmidd,,no,
pfdbbahlidmeoblljennfdbngcmbaepc,,no,
pfdodgnekfbmlfjgohncjhkamnddppgm,,no,
pfflnpdlbjjkgnelipgknanbnjafijgi,,no,
pfgcilgpjedghceoheogpibogofhlbke,https://nadirabbas.github.io/youtube-comment-kit-pro/privacy/,no,
pfhgbfnnjiafkhfdkmpiflachepdcjod,,no,
pfmephdemledfohlogbomgkjhlnbohpg,,no,
pfpekalpjjfelplgmoamhmkmdkpaejgg,,no,
pgabkmcliemlpgjdkppcecnlkjiicjcg,,no,
pgandaociigcmgjgojkkogdamigcgngf,,no,
pgcdjibpmfeghcpkelobbajcekmjppeh,,no,
pgdckkjfcbbmiejhfnkahhjmajnieidg,,no,
pgfdnehflhajdamdbpbbdhdambgofpcn,,no,
pgghkebpjnjjiblaajkkaniphdbfeogl,,no,
pgliggalpadamjcobmjjlnfnjchhpgaj,,no,
pgphcomnlaojlmmcjmiddhdapjpbgeoc,,no,
phcbcnpmcbkcnijkpfohkdmcofcofibh,,no,
phckpicnefnbafbamoidbemcdlolfoel,,no,
phdailjnceaboflcgllpeldnagkkcdgp,,no,
phdbkeipelajcbcemecnmkmlmbljmlpi,,no,
phgjeegnkebllghogdbhepllealpkfma,,no,
phhconhieklfmhamokmblfhncdllkppj,,no,
phhebgnlkifpdpbdojakmijgfahaobpp,,no,
phkgljfjmanohdjhjndejclnmpbkdoni,,no,
phnnhfajfmajfifclnlbbhfjiccodadg,,no,
phpcjhacaakckmcfdggiielffkbchkgb,,no,
pibokobfalphoinnffmknnhaoidljknl,,no,
pieffikiebbmnlpidimiogncfidafkmh,,no,
pielpldocfdkhhmmjokmadnbjcchfcol,,no,
pifbhionjpacnpjoaomhdpbekkdphdgd,,no,
pihhbkaoljihmalfhmonfpjkjlcpmpgj,,no,
pijoojokjfahchfglghbmbfafbpfjldb,,no,
pjadojkkflmghgkecfnkinkbgokokgjn,,no,
pjapglfkgpnkdmpfngalhbhplhleflfo,,no,
pjcpanpdcekkiaalbbalijolpdnkjdpi,,no,
pjejimdnaoebmgcggmmcocogngemiocf,,no,
pjijicfnbflpakfjkkkmgjcamojkoadb,,no,
pjkmnpapjdeejcbfjhmichaahpdfembo,,no,
pkbakoellbmoaidjcmcalogphfbploll,,no,
pkclemdgcehhbpkeldhmheebkbifdfej,,no,
pkgpokpnnojfbeelnpecebccjnmgojlm,,no,
pkjgeongdbblpjfaoagnicpcfckhnoil,,no,
pkmpgkafldocbllmpjafigafihimehnh,,no,
pknfijeffjagoalhpafbpnjhlkfmjndj,,no,
pknpfolpflicafeemicbpeknhjimfnpj,,no,
pkpmocagkajnckkpnmeffcbloaikfljb,,no,
plbebfjeklpfmffhcknkhbbdpjfkoenc,,no,
plcbjgieaambgedikohlhidpodkhkfnj,,no,
plfkliecackeanmndebidindjkhemlec,,no,
plgcngmhicjaoicgamcklfceeagoaefa,,no,
plhgklpjofbckjbofkojofkghcldpcja,unknown,unknown,item_not_available
plhllkhdlflfmajpinkbadjifckblohp,,no,
pllbckmklkhcmgnddhijhfnnejbmgblp,,no,
pllpmojagjlnbclefckhdebmlkjhhcfh,unknown,unknown,item_not_available
plnjbadilfbgnhbfpclcghakblfgfkfi,,no,
pmceppjmgbbdkbkhkpfkghofmiommeib,,no,
pmckgkmbeeebhnmifboclmbjenificff,,no,
pmggccldgafallgghjjggoiolkanjfmk,,no,
pmhejdfipahoboakfamilfgobccccgbl,unknown,unknown,item_not_available
pmidjbojlbmkgbnafljmlgikbilhaofi,,no,
pmkhpefjllhicdhnnnpkobbpbbcflkbe,,no,
pmkiepihlagmefkdcaodhbgeegcngjpg,,no,
pmlakmogkbnbbgggcjkcfacblkcaegag,,no,
pmlmignfhmodhnhongjlephpaknejond,,no,
pmmmjpmpgflcilojnpjjhdkopklfkelc,,no,
pmnggodahpeohncdhlfpdfddakeooico,,no,
pnaebjobpikbjnacmhdlgoefnfohacpp,,no,
pnanegnllonoiklmmlegcaajoicfifcm,,no,
pngonapjnmipmlimdgldleganibbofnf,,no,
pnilkfaafjnkofhglmodpdpnjkaapeac,,no,
pnjiljjcnkbbgeeoclkhipgbgldmpfbd,,no,
pnkoaimcpnffomcfkialfndpjkbiomae,unknown,unknown,item_not_available
pnmhbfbgmcgijjliekijlecpkpgkdmho,,no,
pnnajndbaillimdgjfafambpcddaomfj,,no,
pnnpiejmiganeljoaionboaihjllbgdo,,no,
pnpdnfggaphgajbkljcnbpmfmknohcfi,,no,
poakehllpfcnnmpldggkdclllefohooa,,no,
poefgmndndnjmhapemkokmimdkmohihg,,no,
pofgiciapakkgmhbpiglkcabfcephoal,,no,
pofjbbchhigcnknnkohmonholngahbgk,,no,
ponocngkmjmakpleolejgelipolkmalm,,no,
ppgoiijenmkiniooillkkhonkpgmmjmf,unknown,unknown,item_not_available
pphplndanlfidpfhneejgngipndolahp,,no,
ppjhahkjaabkjgaoelbokpgleaoeeboa,,no,
ppnelmgdamnbgcjfgplioaiejcpcfeol,,no,
ppolphgbhkfodmodcgdfiaknikbdfpcd,,no,
pppikkhdeldemcaljbllcjhknijkbgck,,no,
